word, count
areopagitica, 1
speech, 3
liberty, 12
unlicensed, 6
printing, 4
parliament, 12
england, 5
true, 13
men, 39
advise, 1
public, 7
may, 61
speak, 4
free, 11
deserves, 3
high, 5
neither, 14
hold, 5
juster, 1
state, 12
states, 1
governors, 2
commonwealth, 9
direct, 1
court, 3
wanting, 2
access, 1
private, 7
condition, 4
write, 5
foresee, 2
advance, 3
suppose, 2
beginning, 3
mean, 5
endeavour, 2
little, 12
altered, 1
moved, 2
inwardly, 2
doubt, 4
success, 2
others, 17
fear, 8
hope, 8
confidence, 2
perhaps, 19
dispositions, 1
subject, 2
whereon, 2
entered, 1
times, 8
variously, 2
likely, 4
might, 25
foremost, 2
expressions, 2
also, 19
disclose, 1
swayed, 1
attempt, 1
address, 1
thus, 15
made, 19
thought, 18
hath, 33
recourse, 1
got, 2
power, 4
within, 6
passion, 1
far, 10
welcome, 1
incidental, 1
though, 27
stay, 2
confess, 2
ere, 7
ask, 4
shall, 53
blameless, 1
joy, 1
gratulation, 1
brings, 3
wish, 5
promote, 1
whereof, 13
whole, 14
discourse, 6
proposed, 1
certain, 11
testimony, 3
grievance, 2
ever, 24
arise, 1
let, 9
man, 50
world, 17
complaints, 1
freely, 6
heard, 13
deeply, 1
considered, 2
speedily, 3
reformed, 4
utmost, 3
bound, 3
civil, 6
attained, 2
wise, 9
look, 6
manifest, 2
sound, 1
utter, 2
already, 9
good, 45
part, 9
arrived, 1
yet, 63
steep, 1
disadvantage, 1
tyranny, 3
superstition, 2
grounded, 1
principles, 1
beyond, 8
manhood, 1
roman, 5
recovery, 1
attributed, 1
first, 37
due, 2
strong, 5
assistance, 2
god, 29
deliverer, 1
next, 14
faithful, 2
guidance, 2
undaunted, 1
wisdom, 10
lords, 11
commons, 9
esteem, 5
diminution, 1
glory, 3
honourable, 3
things, 28
spoken, 2
worthy, 6
begin, 3
fair, 2
progress, 1
laudable, 1
deeds, 1
long, 8
obligement, 1
upon, 28
realm, 1
indefatigable, 1
virtues, 1
justly, 3
reckoned, 1
among, 23
tardiest, 1
unwillingest, 1
praise, 6
nevertheless, 2
three, 6
principal, 1
without, 28
praising, 2
courtship, 1
praised, 1
solidly, 1
worth, 5
greatest, 10
likelihoods, 1
brought, 5
truly, 2
really, 1
persons, 3
praises, 1
showing, 1
actual, 1
persuasion, 2
writes, 4
demonstrate, 1
flatters, 1
former, 3
two, 9
heretofore, 4
endeavoured, 1
rescuing, 1
employment, 3
went, 4
impair, 1
merits, 1
trivial, 1
malignant, 2
latter, 3
belonging, 1
chiefly, 1
mine, 1
acquittal, 1
extolled, 2
flatter, 1
reserved, 1
opportunely, 1
magnifies, 1
nobly, 1
done, 12
fears, 1
declare, 2
better, 22
gives, 5
ye, 55
best, 10
covenant, 1
loyalest, 1
affection, 1
waits, 2
highest, 5
flattery, 2
plainest, 1
advice, 3
kind, 11
affirm, 1
argument, 3
would, 28
fare, 2
truth, 36
learning, 24
one, 35
published, 6
orders, 1
name, 13
called, 4
time, 21
could, 23
much, 34
redound, 1
lustre, 1
mild, 3
equal, 3
government, 3
whenas, 8
hereby, 1
animated, 1
think, 13
pleased, 3
statists, 1
delighted, 1
see, 16
difference, 2
magnanimity, 1
triennial, 1
jealous, 2
haughtiness, 1
prelates, 8
cabin, 1
counsellors, 1
usurped, 1
late, 8
observe, 1
midst, 2
victories, 1
successes, 1
gently, 1
brooking, 1
written, 10
exceptions, 1
voted, 1
order, 22
courts, 2
produced, 1
nothing, 16
memory, 1
weak, 4
ostentation, 1
wealth, 1
endured, 1
least, 11
signified, 1
dislike, 1
sudden, 3
presume, 1
meek, 1
demeanour, 2
gentle, 3
greatness, 1
directly, 1
said, 4
gainsay, 1
defend, 2
ease, 2
accuse, 1
new, 19
insolent, 1
know, 25
find, 11
imitate, 1
old, 16
elegant, 2
humanity, 1
greece, 3
barbaric, 1
pride, 2
hunnish, 1
norwegian, 1
ages, 5
whose, 14
polite, 1
letters, 2
owe, 1
goths, 1
jutlanders, 1
house, 8
wrote, 2
athens, 2
persuades, 1
change, 2
form, 2
democracy, 1
honour, 6
days, 1
professed, 1
study, 5
eloquence, 1
country, 1
lands, 1
cities, 1
signiories, 1
gladly, 3
great, 29
respect, 2
aught, 6
admonish, 2
dion, 1
prusaeus, 1
stranger, 2
orator, 1
counsel, 2
rhodians, 1
abound, 2
like, 12
examples, 2
set, 17
industry, 4
life, 17
wholly, 4
dedicated, 2
studious, 3
labours, 5
natural, 3
endowments, 1
haply, 1
worst, 3
fifty, 1
degrees, 3
northern, 1
latitude, 1
must, 39
derogated, 1
count, 2
privilege, 5
obtain, 1
inferior, 2
superior, 1
received, 4
excel, 1
assured, 1
greater, 4
appear, 4
prudent, 3
spirit, 7
acknowledges, 1
obeys, 1
voice, 2
reason, 16
quarter, 1
soever, 2
renders, 2
willing, 2
repeal, 2
act, 5
setting, 1
forth, 14
resolved, 1
injury, 2
withhold, 1
presenting, 1
fit, 3
instance, 3
wherein, 10
show, 7
love, 9
eminently, 1
profess, 1
uprightness, 1
judgment, 8
wont, 3
partial, 1
judging, 2
ordained, 1
regulate, 5
book, 23
pamphlet, 6
paper, 3
henceforth, 3
printed, 9
unless, 13
approved, 2
licensed, 4
thereto, 1
preserves, 1
every, 25
copy, 2
provides, 1
poor, 2
touch, 1
pretences, 1
abuse, 1
persecute, 1
honest, 5
painful, 1
offend, 1
either, 12
clause, 1
licensing, 28
books, 65
died, 1
brother, 1
quadragesimal, 1
matrimonial, 1
expired, 1
attend, 1
homily, 1
lay, 6
inventors, 3
loath, 3
general, 7
reading, 17
whatever, 5
sort, 9
avails, 1
suppressing, 4
scandalous, 3
seditious, 1
libellous, 3
mainly, 1
intended, 3
last, 5
primely, 1
discouragement, 4
stop, 3
disexercising, 1
blunting, 1
abilities, 3
hindering, 1
cropping, 1
discovery, 2
religious, 6
deny, 1
concernment, 1
church, 15
vigilant, 1
eye, 1
demean, 1
well, 16
thereafter, 1
confine, 1
imprison, 1
sharpest, 1
justice, 4
absolutely, 2
dead, 4
contain, 1
potency, 1
active, 2
soul, 2
progeny, 1
nay, 4
preserve, 1
vial, 1
purest, 1
efficacy, 1
extraction, 1
living, 2
intellect, 1
bred, 2
lively, 2
vigorously, 1
productive, 1
fabulous, 1
sown, 1
chance, 1
spring, 1
armed, 2
hand, 9
wariness, 1
used, 6
almost, 6
kill, 3
kills, 4
reasonable, 1
creature, 1
destroys, 1
image, 2
many, 36
lives, 1
burden, 2
precious, 2
master, 5
embalmed, 1
treasured, 1
purpose, 4
age, 3
restore, 1
revolutions, 1
oft, 4
recover, 2
loss, 3
rejected, 1
want, 1
nations, 3
wary, 1
therefore, 21
persecution, 2
raise, 1
spill, 1
seasoned, 1
preserved, 1
stored, 1
since, 8
homicide, 1
committed, 1
sometimes, 3
martyrdom, 1
extend, 1
impression, 1
execution, 2
ends, 1
slaying, 1
elemental, 1
strikes, 1
ethereal, 1
fifth, 1
essence, 1
breath, 2
slays, 1
immortality, 1
rather, 11
lest, 6
condemned, 4
introducing, 1
license, 2
oppose, 2
refuse, 1
pains, 1
historical, 1
serve, 4
ancient, 4
famous, 4
commonwealths, 2
disorder, 1
till, 11
project, 1
crept, 1
inquisition, 9
catched, 1
caught, 2
wits, 4
busier, 1
sorts, 2
writings, 5
magistrate, 5
cared, 1
take, 3
notice, 1
blasphemous, 1
atheistical, 1
protagoras, 1
judges, 2
areopagus, 1
commanded, 1
burnt, 5
banished, 3
territory, 1
begun, 3
confessing, 1
whether, 10
gods, 1
defaming, 2
decreed, 1
none, 5
traduced, 1
manner, 7
vetus, 1
comoedia, 1
whereby, 3
guess, 2
censured, 1
course, 4
quick, 3
enough, 7
cicero, 3
quell, 1
desperate, 1
atheists, 1
open, 5
way, 4
event, 3
sects, 10
opinions, 6
tending, 1
voluptuousness, 1
denying, 1
divine, 6
providence, 5
took, 10
read, 12
epicurus, 1
libertine, 1
school, 3
cyrene, 1
cynic, 1
impudence, 1
uttered, 5
questioned, 1
recorded, 2
comedians, 2
suppressed, 4
acting, 1
plato, 5
commended, 2
aristophanes, 2
loosest, 1
royal, 1
scholar, 1
dionysius, 3
commonly, 2
known, 7
excused, 2
holy, 6
chrysostom, 1
reported, 1
nightly, 1
studied, 1
author, 10
art, 6
cleanse, 1
scurrilous, 1
vehemence, 1
style, 1
rousing, 2
leading, 3
city, 11
lacedaemon, 1
considering, 1
lycurgus, 1
lawgiver, 2
addicted, 2
ionia, 1
scattered, 3
works, 2
homer, 1
sent, 3
poet, 3
thales, 1
crete, 1
prepare, 2
mollify, 1
spartan, 1
surliness, 1
smooth, 1
songs, 1
odes, 1
plant, 1
law, 10
civility, 1
wondered, 1
museless, 1
unbookish, 1
minding, 1
nought, 1
feats, 1
needed, 1
disliked, 1
laconic, 1
apophthegms, 1
slight, 3
occasion, 2
chase, 1
archilochus, 1
composing, 1
higher, 2
strain, 1
soldierly, 1
ballads, 1
roundels, 1
reach, 2
broad, 1
verses, 1
therein, 1
cautious, 1
dissolute, 2
promiscuous, 1
whence, 2
euripides, 1
affirms, 1
andromache, 1
women, 1
give, 11
us, 56
light, 12
prohibited, 6
romans, 1
trained, 1
military, 1
roughness, 1
resembling, 1
lacedaemonian, 1
guise, 1
knew, 7
twelve, 1
tables, 1
pontific, 1
college, 1
augurs, 1
flamens, 1
taught, 5
religion, 12
unacquainted, 1
carneades, 1
critolaus, 1
stoic, 1
diogenes, 1
coming, 1
ambassadors, 1
rome, 3
thereby, 2
taste, 1
philosophy, 2
suspected, 3
seducers, 2
less, 12
cato, 1
censor, 2
senate, 1
dismiss, 1
banish, 2
attic, 1
babblers, 1
scipio, 1
noblest, 1
senators, 1
withstood, 1
sabine, 1
honoured, 2
admired, 1
fell, 5
naevius, 2
plautus, 2
latin, 1
filled, 1
borrowed, 1
scenes, 1
menander, 1
began, 2
quickly, 2
cast, 3
prison, 2
unbridled, 1
pen, 2
released, 1
tribunes, 1
libels, 1
makers, 1
punished, 1
severity, 1
impiously, 1
esteemed, 1
except, 8
points, 4
kept, 2
lucretius, 1
impeachment, 1
versifies, 1
epicurism, 1
memmius, 1
second, 3
father, 1
although, 4
disputes, 2
opinion, 8
satirical, 1
sharpness, 1
naked, 1
plainness, 1
lucilius, 1
catullus, 1
flaccus, 1
matters, 7
story, 3
titus, 1
livius, 1
pompey, 1
held, 3
octavius, 1
caesar, 2
naso, 1
wanton, 3
poems, 3
youth, 6
mere, 4
covert, 1
secret, 1
besides, 5
hence, 2
meet, 1
else, 10
empire, 1
marvel, 2
often, 3
bad, 5
deem, 1
large, 3
producing, 1
ancients, 1
punishable, 1
save, 1
arguments, 4
treat, 1
emperors, 1
become, 6
christians, 3
discipline, 5
point, 3
severe, 1
formerly, 1
grand, 1
heretics, 3
examined, 2
refuted, 1
authority, 6
heathen, 3
authors, 3
plain, 6
invectives, 1
christianity, 1
porphyrius, 1
proclus, 1
met, 1
interdict, 1
cited, 1
year, 5
carthaginian, 1
council, 3
bishops, 6
forbid, 5
gentiles, 1
heresies, 2
contrary, 2
scrupled, 1
primitive, 2
councils, 1
commendable, 1
passing, 2
leaving, 2
conscience, 9
observed, 1
padre, 1
paolo, 1
unmasker, 1
trentine, 1
popes, 1
engrossing, 1
political, 2
rule, 3
hands, 8
extended, 2
dominion, 2
eyes, 6
judgments, 1
burning, 2
prohibiting, 5
fancied, 2
sparing, 1
censures, 1
dealt, 2
martin, 2
bull, 1
excommunicated, 1
heretical, 3
wickliffe, 1
huss, 1
growing, 1
terrible, 1
drove, 1
papal, 1
stricter, 1
policy, 3
leo, 1
successors, 1
followed, 1
trent, 2
spanish, 3
engendering, 1
together, 10
perfected, 1
catalogues, 1
expurging, 1
indexes, 1
rake, 1
entrails, 1
violation, 1
worse, 5
offered, 3
palate, 1
prohibition, 3
straight, 3
purgatory, 1
fill, 1
measure, 3
encroachment, 1
invention, 4
ordain, 3
peter, 2
bequeathed, 2
keys, 2
press, 7
glutton, 1
chancellor, 3
cini, 1
present, 5
work, 8
contained, 1
withstand, 1
vincent, 2
rabbatta, 2
vicar, 2
seen, 6
athwart, 1
catholic, 1
faith, 10
witness, 3
given, 2
nicolo, 2
gini, 1
attending, 1
precedent, 2
relation, 1
allowed, 3
davanzati, 1
july, 1
friar, 2
simon, 1
mompei, 1
office, 5
sure, 4
conceit, 3
bottomless, 1
pit, 1
broke, 2
quadruple, 1
exorcism, 1
bar, 1
design, 2
get, 1
custody, 2
say, 8
claudius, 1
vouchsafe, 2
another, 14
forms, 2
imprimatur, 5
seem, 3
reverend, 1
belcastro, 1
rodolphi, 1
five, 4
imprimaturs, 1
piazza, 1
complimenting, 1
ducking, 1
shaven, 1
reverences, 1
stands, 1
perplexity, 1
foot, 2
epistle, 3
pretty, 1
responsories, 1
dear, 3
antiphonies, 1
bewitched, 1
chaplains, 1
goodly, 3
echo, 1
besotted, 1
gay, 1
imitation, 1
lordly, 1
lambeth, 1
west, 1
end, 12
apishly, 1
romanizing, 1
word, 2
command, 3
still, 10
learned, 14
grammatical, 1
ink, 1
vulgar, 3
tongue, 2
express, 2
pure, 3
english, 5
language, 3
achievements, 1
easily, 6
servile, 2
enow, 1
spell, 1
dictatory, 1
presumption, 1
original, 1
ripped, 1
drawn, 4
lineally, 1
polity, 1
statute, 1
left, 10
ancestors, 1
elder, 1
modern, 1
custom, 3
abroad, 5
tyrannous, 2
admitted, 1
issue, 5
brain, 1
stifled, 1
envious, 2
juno, 1
sat, 2
nativity, 1
intellectual, 1
proved, 1
monster, 1
denies, 1
sunk, 1
peccant, 1
stand, 4
jury, 1
born, 4
undergo, 1
darkness, 1
radamanth, 1
colleagues, 1
pass, 5
ferry, 1
backward, 1
never, 13
mysterious, 1
iniquity, 1
provoked, 1
troubled, 1
entrance, 1
reformation, 8
sought, 2
limbos, 1
hells, 1
include, 2
number, 5
rare, 2
morsel, 1
officiously, 1
snatched, 1
imitated, 3
inquisiturient, 1
attendant, 1
minorites, 1
sinister, 1
intention, 1
distant, 1
thoughts, 5
importuned, 2
integrity, 1
actions, 4
clear, 2
thing, 8
deep, 2
obvious, 2
easy, 3
wisest, 2
occasions, 2
forborne, 1
use, 9
falsest, 1
oppressors, 1
obstruct, 1
hinder, 1
approach, 1
believe, 5
harder, 2
alchemy, 1
lullius, 1
sublimate, 1
request, 1
gain, 2
dangerous, 5
suspicious, 2
fruit, 1
certainly, 3
tree, 1
bore, 1
dissect, 1
properties, 1
finish, 2
propounded, 1
benefit, 2
harm, 2
thence, 2
insist, 2
moses, 4
daniel, 1
paul, 3
skilful, 2
egyptians, 1
chaldeans, 1
greeks, 1
probably, 1
especially, 2
defilement, 1
insert, 1
scripture, 2
sentences, 1
greek, 1
poets, 1
question, 1
notwithstanding, 1
controverted, 1
doctors, 2
odds, 1
side, 3
affirmed, 1
lawful, 1
evidently, 2
perceived, 1
julian, 1
apostate, 1
subtlest, 1
enemy, 2
decree, 3
forbidding, 2
wound, 1
weapons, 1
arts, 2
sciences, 3
overcome, 1
indeed, 6
put, 9
shifts, 2
crafty, 1
means, 6
danger, 3
decline, 1
ignorance, 2
apollinarii, 1
fain, 4
coin, 1
seven, 1
liberal, 2
bible, 3
reducing, 1
divers, 2
orations, 1
dialogues, 3
even, 11
calculating, 1
christian, 8
saith, 3
historian, 1
socrates, 1
provided, 3
apollinarius, 1
son, 1
taking, 1
away, 1
illiterate, 1
devised, 1
deprived, 1
hellenic, 1
undermining, 1
secretly, 1
decaying, 1
cruelty, 1
decius, 1
politic, 2
drift, 3
devil, 1
whipped, 1
jerome, 4
lenten, 1
dream, 2
phantasm, 1
fever, 2
seized, 1
angel, 1
discipliner, 1
dwelling, 1
ciceronianisms, 1
chastised, 1
vanity, 1
plainly, 2
correct, 2
grave, 5
scurril, 1
confesses, 2
fathers, 3
wax, 2
pleasant, 2
florid, 1
studies, 6
lash, 1
tutoring, 1
insomuch, 1
basil, 1
teaches, 2
margites, 1
sportful, 1
poem, 1
extant, 1
writ, 3
morgante, 1
italian, 3
romance, 1
agreed, 1
tried, 1
visions, 1
vision, 4
eusebius, 1
ancienter, 1
tale, 1
nun, 1
eustochium, 1
alexandrinus, 1
person, 6
piety, 1
avail, 1
conversant, 1
presbyter, 1
laid, 6
scrupulously, 1
durst, 2
venture, 1
defiling, 1
offence, 1
debate, 2
suddenly, 1
avers, 1
confirmed, 1
come, 13
thy, 1
thou, 1
sufficient, 3
judge, 2
aright, 1
examine, 3
revelation, 1
assented, 1
sooner, 2
answerable, 2
apostle, 1
thessalonians, 1
prove, 3
fast, 4
added, 1
remarkable, 1
saying, 1
meats, 4
drinks, 1
knowledge, 18
cannot, 31
defile, 2
consequently, 1
viands, 1
evil, 14
unapocryphal, 1
exception, 1
rise, 2
eat, 1
choice, 2
wholesome, 2
vitiated, 1
stomach, 1
differ, 1
naughty, 1
mind, 7
unappliable, 1
scarce, 2
breed, 1
nourishment, 1
healthiest, 1
herein, 5
discreet, 1
judicious, 4
reader, 3
respects, 1
discover, 3
confute, 2
forewarn, 1
expect, 2
produce, 1
sitting, 3
chief, 5
reputed, 2
land, 3
volume, 2
national, 2
laws, 4
proves, 1
authorities, 1
exquisite, 1
reasons, 4
theorems, 1
mathematically, 1
demonstrative, 1
yea, 3
errors, 3
collated, 1
main, 2
service, 3
toward, 3
speedy, 1
attainment, 2
conceive, 1
enlarge, 1
universal, 2
diet, 1
body, 7
saving, 1
rules, 2
temperance, 4
arbitrary, 2
dieting, 1
repasting, 1
mature, 1
exercise, 4
virtue, 10
moment, 1
commits, 1
managing, 3
trust, 3
particular, 5
prescription, 3
grown, 2
tabled, 1
jews, 1
heaven, 4
omer, 1
daily, 4
portion, 1
manna, 1
computed, 1
sufficed, 1
heartiest, 1
feeder, 1
thrice, 1
enter, 1
uses, 4
captivate, 1
perpetual, 4
childhood, 1
trusts, 1
gift, 2
preaching, 3
compulsion, 2
grow, 4
governed, 3
solomon, 2
informs, 1
weariness, 1
inspired, 1
tells, 1
limit, 2
expedient, 1
told, 1
unlawful, 1
ephesian, 1
replied, 1
magic, 1
syriac, 1
voluntary, 2
leaves, 2
remorse, 1
example, 1
practised, 1
field, 2
involved, 1
interwoven, 1
cunning, 1
resemblances, 1
hardly, 1
discerned, 1
confused, 1
seeds, 1
imposed, 2
psyche, 1
incessant, 1
labour, 6
cull, 1
asunder, 1
rind, 1
apple, 1
tasted, 2
twins, 1
cleaving, 1
leaped, 1
doom, 1
adam, 4
knowing, 8
choose, 2
continence, 2
forbear, 3
apprehend, 1
consider, 6
vice, 4
baits, 1
seeming, 1
pleasures, 2
abstain, 1
distinguish, 1
prefer, 1
warfaring, 1
fugitive, 1
cloistered, 1
unexercised, 1
unbreathed, 1
sallies, 1
sees, 5
adversary, 3
slinks, 1
race, 3
immortal, 2
garland, 1
run, 2
dust, 2
assuredly, 1
bring, 9
innocence, 1
impurity, 1
purifies, 1
trial, 4
youngling, 1
contemplation, 1
knows, 5
promises, 1
followers, 1
rejects, 1
blank, 1
whiteness, 1
excremental, 1
sage, 1
serious, 2
spenser, 1
dare, 2
teacher, 3
scotus, 1
aquinas, 1
describing, 1
guion, 1
palmer, 1
cave, 1
mammon, 1
bower, 1
earthly, 2
bliss, 1
survey, 1
necessary, 1
constituting, 1
human, 6
scanning, 1
error, 3
confirmation, 1
safely, 2
scout, 1
regions, 1
sin, 5
falsity, 1
tractates, 2
hearing, 1
promiscuously, 1
result, 1
kinds, 2
usually, 1
feared, 1
infection, 3
controversy, 4
remove, 6
ofttimes, 2
relates, 1
blasphemy, 1
nicely, 1
describes, 1
carnal, 1
sense, 2
wicked, 2
unelegantly, 1
holiest, 1
passionately, 1
murmuring, 1
answers, 1
dubiously, 1
darkly, 1
common, 10
talmudist, 1
ails, 1
modesty, 1
marginal, 1
keri, 1
prophets, 2
persuade, 4
pronounce, 1
textual, 1
causes, 3
papist, 3
rank, 2
ancientest, 1
removed, 1
clement, 1
alexandria, 1
eusebian, 1
evangelic, 1
preparation, 1
transmitting, 1
ears, 1
hoard, 1
heathenish, 1
obscenities, 1
receive, 1
finds, 2
irenaeus, 1
epiphanius, 1
heresy, 1
truer, 2
boots, 1
writers, 2
unknown, 2
languages, 1
able, 5
diligent, 3
instil, 1
poison, 1
suck, 1
princes, 1
acquainting, 1
choicest, 2
delights, 2
criticisms, 1
petronius, 1
nero, 1
arbiter, 1
notorious, 1
ribald, 1
arezzo, 1
dreaded, 1
sake, 2
henry, 1
named, 1
merriment, 1
compendious, 1
contagion, 1
foreign, 2
infuse, 1
passage, 1
people, 14
easier, 2
shorter, 1
indian, 1
voyage, 1
sailed, 1
north, 1
cataio, 1
eastward, 1
canada, 1
westward, 1
gags, 1
doubtful, 1
permitted, 2
untouched, 1
hard, 1
ignorant, 4
seduced, 2
papistical, 1
expounded, 1
false, 3
prophecy, 1
isaiah, 1
eunuch, 1
understood, 2
priests, 2
corrupted, 1
studying, 1
comments, 1
jesuits, 1
sorbonists, 1
transfuse, 1
corruption, 5
experience, 2
forgot, 1
acute, 3
distinct, 1
arminius, 1
perverted, 1
merely, 2
perusing, 1
nameless, 1
delft, 1
seeing, 3
abundance, 1
likeliest, 1
taint, 1
doctrine, 6
fall, 2
ability, 1
disputation, 1
soonest, 1
catching, 1
conveyed, 1
manners, 5
perfectly, 2
learnt, 2
thousand, 2
ways, 3
stopped, 1
propagate, 1
guide, 1
writing, 8
unfold, 1
cautelous, 1
enterprise, 1
exempted, 1
vain, 5
impossible, 2
pleasantly, 1
disposed, 1
avoid, 1
liken, 1
exploit, 1
gallant, 2
pound, 1
crows, 1
shutting, 1
park, 1
inconvenience, 1
receivers, 1
dispreaders, 1
licensers, 6
confided, 1
confer, 1
assume, 2
grace, 1
infallibility, 1
refiner, 1
gather, 1
gold, 2
drossiest, 1
fool, 5
deprive, 1
advantage, 3
seek, 4
restrain, 2
restrained, 2
hindrance, 3
exactness, 1
always, 1
keep, 6
unfit, 1
aristotle, 1
saviour, 2
precepts, 2
consequence, 3
willingly, 2
admit, 1
make, 19
idle, 2
sacred, 1
alleged, 1
expose, 1
temptations, 2
necessity, 3
employ, 1
objections, 2
answer, 1
grounds, 1
vanities, 1
useful, 2
drugs, 1
materials, 1
wherewith, 5
temper, 2
compose, 1
effective, 1
medicines, 1
rest, 3
children, 1
childish, 1
qualify, 1
working, 2
minerals, 1
exhorted, 2
hindered, 2
forcibly, 1
sainted, 1
promised, 1
deliver, 1
conduces, 1
prevented, 1
ingenuity, 1
gets, 1
opens, 1
faster, 2
pace, 1
method, 2
overtake, 1
task, 2
nation, 8
valued, 1
answered, 1
piece, 5
prudence, 3
lately, 2
return, 1
difficult, 2
wanted, 1
suggested, 1
following, 1
leave, 4
pattern, 1
approving, 1
cause, 7
using, 1
fed, 2
fancy, 3
making, 1
edicts, 1
airy, 1
burgomasters, 1
otherwise, 3
admire, 1
buried, 1
genial, 1
cups, 1
academic, 1
night, 2
seems, 3
tolerate, 2
unalterable, 1
consisting, 1
practical, 1
traditions, 1
library, 1
smaller, 1
bulk, 1
enacts, 1
meant, 2
peculiarly, 1
imagined, 1
transgressor, 1
expelled, 1
epigrams, 1
sophron, 1
mimus, 1
grossest, 1
infamy, 1
commending, 1
malicious, 2
libeller, 1
friends, 2
tyrant, 1
need, 8
trash, 1
spend, 1
reference, 1
dependence, 1
provisos, 1
republic, 1
taken, 3
apart, 1
collateral, 1
injunctions, 1
needs, 4
strictness, 2
care, 10
aptness, 1
corrupt, 1
single, 2
fond, 1
shut, 3
fortify, 1
gate, 1
necessitated, 1
round, 5
wide, 1
rectify, 1
recreation, 1
pastimes, 2
delightful, 2
music, 1
song, 1
sung, 1
dancers, 1
gesture, 1
motion, 3
deportment, 1
allowance, 1
twenty, 7
lutes, 1
violins, 1
guitars, 1
suffered, 1
prattle, 1
silence, 2
airs, 1
madrigals, 1
whisper, 1
softness, 1
windows, 1
balconies, 1
shrewd, 1
frontispieces, 1
prohibit, 2
villages, 1
visitors, 1
inquire, 2
lectures, 2
bagpipe, 1
rebeck, 1
reads, 1
ballatry, 1
gamut, 1
municipal, 1
fiddler, 1
arcadias, 1
monte, 1
hears, 2
ill, 1
household, 1
rectors, 1
inhibit, 1
multitudes, 1
frequent, 2
houses, 1
drunkenness, 1
sold, 1
garments, 1
referred, 1
sober, 3
workmasters, 1
cut, 2
mixed, 1
conversation, 1
male, 1
female, 1
fashion, 2
appoint, 1
discoursed, 2
presumed, 1
lastly, 2
separate, 1
resort, 1
hurtful, 2
enticing, 1
consists, 2
governing, 1
sequester, 1
atlantic, 1
utopian, 1
polities, 1
mend, 1
wisely, 2
placed, 1
necessarily, 1
pulls, 1
along, 1
ridiculous, 1
weary, 1
unwritten, 2
unconstraining, 1
virtuous, 2
education, 1
nurture, 1
mentions, 1
bonds, 1
ligaments, 1
pillars, 2
sustainers, 1
bear, 2
sway, 1
impunity, 1
remissness, 1
bane, 1
lies, 1
discern, 4
bid, 2
restraint, 2
punishment, 1
action, 1
ripe, 1
years, 3
pittance, 1
gramercy, 1
complain, 2
suffering, 1
foolish, 1
gave, 4
freedom, 6
artificial, 1
obedience, 2
provoking, 1
object, 1
consisted, 1
merit, 1
right, 5
reward, 3
wherefore, 2
create, 1
passions, 1
rightly, 1
tempered, 1
ingredients, 1
considerers, 1
imagine, 1
removing, 2
matter, 5
huge, 2
heap, 1
increasing, 1
diminishing, 1
withdrawn, 1
remains, 1
covetous, 1
treasure, 1
jewel, 1
bereave, 1
objects, 1
lust, 1
severest, 1
exercised, 2
hermitage, 1
chaste, 1
came, 2
hither, 1
required, 1
expel, 3
justifies, 1
pours, 1
profuseness, 1
desirable, 1
minds, 3
wander, 1
affect, 3
rigour, 2
nature, 1
abridging, 1
scanting, 1
learn, 4
frivolous, 2
goes, 3
uncertainly, 1
equally, 3
chooser, 1
preferred, 2
forcible, 1
esteems, 2
growth, 1
completing, 1
ten, 1
albeit, 1
hear, 5
walking, 1
travelling, 1
conversing, 1
fitly, 1
effect, 1
grant, 1
appears, 1
hitherto, 2
insufficient, 1
oftener, 1
weekly, 2
continued, 1
wet, 1
sheets, 2
dispersed, 1
prime, 1
proof, 2
executed, 2
remiss, 2
blindfold, 1
hereafter, 2
frustrate, 1
behold, 2
proscribe, 1
list, 1
delivered, 1
require, 2
overseers, 1
partly, 2
excellent, 1
culpable, 1
officials, 1
expurgations, 1
expunctions, 1
fine, 2
multitude, 2
increase, 1
catalogue, 1
printers, 1
found, 12
frequently, 1
offending, 1
importation, 2
exact, 1
deficient, 1
reform, 1
according, 4
model, 1
seville, 1
abhor, 1
condescend, 1
fruitless, 1
defective, 1
whereto, 1
prevent, 2
schisms, 7
unread, 1
uncatechized, 1
refusing, 1
preserving, 1
unmixed, 1
schism, 3
spread, 1
asia, 1
gospel, 3
amendment, 1
aimed, 2
italy, 1
spain, 1
places, 3
scruple, 1
honester, 1
wiser, 1
chaster, 1
inquisitional, 1
miss, 1
seeks, 2
quality, 1
ought, 3
denied, 3
sit, 2
birth, 1
death, 3
wafted, 1
mistakes, 1
censure, 3
passable, 1
behooves, 1
tedious, 2
unpleasing, 1
levied, 1
head, 1
unchosen, 1
pamphlets, 1
acceptable, 1
enjoined, 1
legible, 1
pages, 1
fairest, 1
print, 4
imposition, 1
values, 1
sensible, 1
nostril, 1
crave, 1
pardoned, 1
doubtless, 3
looking, 1
unlaborious, 1
short, 3
wearied, 1
excuses, 1
journeys, 1
solicit, 1
licence, 5
possess, 1
evident, 1
signs, 2
rid, 1
unthrift, 1
hours, 1
succeed, 1
salary, 1
imperious, 1
basely, 1
conduce, 1
bears, 1
proceed, 1
hurt, 1
affront, 1
complaint, 2
lamentation, 1
pluralities, 1
distribute, 1
revenues, 1
dashed, 1
tenth, 1
stood, 1
sordid, 1
unworthy, 1
churchman, 1
competency, 1
dishearten, 1
utterly, 3
discontent, 2
mercenary, 1
crew, 1
pretenders, 1
ingenuous, 1
lucre, 1
lasting, 1
fame, 1
perpetuity, 1
consented, 1
distrust, 2
honesty, 1
repute, 1
offended, 2
tutor, 1
examiner, 1
drop, 1
something, 1
displeasure, 1
indignity, 1
boy, 1
escaped, 1
ferula, 1
fescue, 1
elaborate, 1
theme, 1
pedagogue, 1
cursory, 1
temporizing, 1
extemporizing, 1
trusted, 1
standing, 1
hazard, 1
penalty, 1
summons, 1
deliberation, 1
assist, 1
searches, 1
meditates, 1
industrious, 1
consults, 1
confers, 1
takes, 2
informed, 1
consummate, 1
fidelity, 1
ripeness, 1
maturity, 1
mistrusted, 1
carry, 1
considerate, 2
diligence, 3
midnight, 1
watchings, 1
expense, 1
palladian, 1
oil, 2
hasty, 1
view, 1
unleisured, 1
licenser, 9
younger, 1
bookwriting, 1
repulsed, 1
slighted, 1
puny, 1
guardian, 1
back, 3
title, 1
bail, 1
surety, 1
idiot, 1
seducer, 1
dishonour, 1
derogation, 1
dignity, 1
copious, 1
adding, 1
seldom, 1
happens, 1
diligentest, 1
dozen, 1
printer, 1
dares, 1
go, 2
trudge, 1
insertions, 1
jaunt, 1
meanwhile, 2
small, 5
damage, 1
lose, 1
accuratest, 1
send, 3
writer, 1
melancholy, 1
vexation, 1
teach, 1
doctor, 1
silent, 1
delivers, 1
tuition, 1
correction, 1
patriarchal, 1
blot, 1
alter, 1
precisely, 1
accords, 1
hidebound, 1
humour, 2
calls, 2
sight, 2
pedantic, 1
ready, 4
words, 4
ding, 1
distance, 2
hate, 1
pupil, 1
endure, 1
instructor, 1
comes, 3
wardship, 1
overseeing, 1
warrant, 1
sir, 2
replies, 1
stationer, 1
mistaken, 2
add, 2
francis, 1
bacon, 1
authorized, 1
happen, 1
ordinary, 1
jeopardy, 1
succession, 1
commission, 2
enjoins, 1
vulgarly, 1
lamentable, 1
deceased, 1
lifetime, 1
day, 4
reprinted, 1
sentence, 1
venturous, 1
edge, 1
height, 1
zeal, 2
dictate, 1
suiting, 1
low, 2
decrepit, 1
knox, 1
reformer, 1
kingdom, 3
spake, 2
pardon, 1
posterity, 1
lost, 1
fearfulness, 1
presumptuous, 1
rashness, 1
perfunctory, 1
violence, 3
faithfully, 1
convenient, 1
resented, 1
seriously, 1
timely, 1
remedy, 2
gnaw, 1
periods, 1
exquisitest, 1
commit, 2
treacherous, 1
fraud, 2
orphan, 1
remainders, 1
worthiest, 2
sorrow, 1
belong, 1
hapless, 1
misfortune, 1
slothful, 1
steadfast, 1
dunce, 1
disesteem, 1
alive, 1
injurious, 1
monuments, 1
undervaluing, 1
vilifying, 1
wit, 2
solid, 2
comprehended, 1
capacities, 1
superintendence, 1
sifted, 1
strained, 1
strainers, 1
uncurrent, 1
manual, 1
understanding, 2
wares, 1
monopolized, 1
traded, 1
tickets, 1
statutes, 1
staple, 1
commodity, 1
mark, 2
broadcloth, 1
servitude, 1
philistines, 1
sharpening, 1
axes, 1
coulters, 1
repair, 1
quarters, 1
anyone, 1
divulged, 1
erroneous, 2
misusing, 1
forfeiting, 1
conviction, 1
adjudged, 1
appointed, 2
officer, 1
annexed, 1
credit, 2
apprehended, 1
disgraceful, 1
diffident, 1
suspectful, 1
disparagement, 1
debtors, 1
delinquents, 1
walk, 3
keeper, 1
unoffensive, 1
stir, 1
visible, 2
jailer, 1
giddy, 1
vicious, 1
ungrounded, 1
sick, 1
discretion, 1
pipe, 1
pretend, 1
popish, 1
laity, 1
hated, 1
despised, 1
call, 2
stops, 1
breach, 1
corruptions, 1
break, 1
doors, 1
conclusion, 1
reflects, 1
disrepute, 1
ministers, 2
proficiency, 1
flock, 2
reaps, 1
continual, 1
frequented, 1
unprincipled, 1
unedified, 1
laic, 1
rabble, 1
whiff, 1
stagger, 1
catechism, 1
discourage, 1
exhortations, 1
benefiting, 1
hearers, 1
turned, 1
loose, 2
sermons, 2
preached, 2
vented, 1
numbers, 1
volumes, 1
nigh, 2
unsaleable, 1
armour, 1
enchiridion, 1
castle, 1
angelo, 1
flourishes, 1
real, 1
recount, 1
countries, 1
counted, 1
happy, 4
place, 5
philosophic, 1
supposed, 2
bemoan, 1
amongst, 1
damped, 1
visited, 1
galileo, 1
prisoner, 1
thinking, 2
astronomy, 1
franciscan, 1
dominican, 2
groaning, 1
loudest, 1
prelatical, 3
yoke, 2
pledge, 1
future, 1
happiness, 1
persuaded, 2
worthies, 1
breathing, 2
air, 1
leaders, 1
deliverance, 1
forgotten, 1
revolution, 1
parts, 1
home, 3
generally, 1
disclosed, 1
companion, 1
envy, 3
quaestorship, 1
endeared, 1
sicilians, 1
verres, 1
favourable, 1
respected, 1
loaded, 1
entreaties, 1
persuasions, 1
despair, 2
removal, 1
undeserved, 1
thraldom, 1
disburdening, 1
prepared, 1
pitch, 2
entertain, 1
friend, 1
foe, 1
conceal, 1
murmur, 1
inquisitioning, 1
timorous, 2
shaking, 2
leaf, 1
contents, 1
silenced, 1
please, 2
guessed, 1
soon, 3
presbyters, 1
evils, 1
prelaty, 1
six, 1
distributively, 1
charged, 1
obscure, 1
pastor, 2
unlearned, 1
parish, 1
exalted, 1
archbishop, 1
diocese, 1
cure, 1
mystical, 1
cried, 2
sole, 2
ordination, 1
novice, 1
bachelor, 1
jurisdiction, 1
simplest, 1
parishioner, 1
chair, 1
excellentest, 1
ablest, 2
covenants, 1
protestations, 1
chop, 1
translate, 1
palace, 1
metropolitan, 1
canonical, 1
sleight, 1
commuting, 1
startle, 1
betimes, 1
afraid, 1
conventicle, 2
fortitude, 1
built, 1
founded, 1
rock, 2
constituted, 3
breast, 1
fineness, 1
baited, 1
presses, 1
birthright, 1
breaking, 1
abrogated, 2
voided, 1
room, 2
seats, 1
episcopal, 1
bud, 1
cruse, 1
enthralled, 2
nullified, 1
groan, 1
defences, 2
remember, 1
obstructing, 1
meets, 1
opposite, 2
drives, 1
instead, 1
raises, 2
invests, 1
punishing, 1
enhances, 1
viscount, 1
forbidden, 1
spark, 1
flies, 1
faces, 2
tread, 1
disenabling, 1
maintenance, 1
thrives, 1
limbs, 1
compared, 1
streaming, 1
waters, 1
flow, 1
progression, 1
sicken, 1
muddy, 1
pool, 1
conformity, 3
heretic, 1
says, 1
assembly, 1
determines, 1
belief, 1
holds, 1
becomes, 2
gladlier, 1
post, 1
charge, 3
protestants, 1
professors, 1
live, 2
die, 1
arrant, 1
implicit, 1
wealthy, 1
pleasure, 1
profits, 1
traffic, 1
entangled, 1
piddling, 1
accounts, 1
mysteries, 1
skill, 2
stock, 1
going, 1
neighbours, 2
resolves, 1
toiling, 1
factor, 1
note, 1
estimation, 1
adheres, 1
resigns, 1
warehouse, 1
locks, 1
makes, 2
associating, 1
evidence, 1
commendatory, 1
dividual, 1
movable, 1
near, 1
frequents, 1
entertains, 1
gifts, 2
feasts, 1
lodges, 1
prays, 1
liberally, 1
supped, 1
sumptuously, 1
rises, 1
saluted, 1
malmsey, 1
brewage, 1
breakfasted, 1
morning, 1
appetite, 1
green, 1
figs, 1
bethany, 1
jerusalem, 1
walks, 1
eight, 1
entertainer, 1
shop, 2
trading, 2
ordered, 1
regulated, 1
settled, 1
passes, 1
publicans, 1
tonnaging, 1
poundaging, 1
recreations, 1
jolly, 1
fetch, 1
sun, 5
torture, 1
heads, 3
strictly, 1
unalterably, 1
fruits, 1
dull, 2
cessation, 1
wished, 1
obedient, 1
unanimity, 1
starch, 1
staunch, 1
framework, 1
january, 1
freeze, 1
clergy, 2
parochial, 1
minister, 1
warm, 1
benefice, 1
inclinable, 1
rouse, 1
circuit, 1
concordance, 1
topic, 1
folio, 1
gatherings, 1
savings, 1
graduateship, 1
harmony, 2
treading, 1
constant, 1
doctrinal, 1
attended, 1
motives, 1
marks, 1
alphabet, 1
forming, 1
transforming, 1
joining, 1
disjoining, 1
bookcraft, 1
meditation, 1
furnish, 1
unspeakably, 1
performance, 1
reckon, 2
infinite, 1
helps, 1
interlinearies, 1
breviaries, 1
synopses, 1
loitering, 1
piled, 1
text, 1
london, 1
thomas, 1
vestry, 1
boot, 1
hugh, 1
hallowed, 1
limits, 1
vendible, 1
ware, 1
penury, 1
pulpit, 1
provision, 1
plenteously, 1
refresh, 1
rear, 1
flanks, 1
impaled, 1
door, 1
secured, 1
rigid, 2
bold, 1
assault, 1
collections, 1
trenches, 2
concern, 1
waking, 2
watch, 1
guards, 1
sentinels, 1
fellow, 1
inspectors, 1
fearing, 1
instructed, 1
laziness, 1
guiltily, 1
condemn, 1
teaching, 1
untaught, 1
irreligious, 1
gadding, 1
rout, 1
privily, 1
openly, 1
publish, 1
christ, 1
urged, 1
justify, 1
refutation, 1
business, 1
profession, 3
champions, 1
neglect, 3
imputed, 1
sloth, 2
disinured, 1
hurts, 1
hinders, 2
calling, 1
ministry, 2
secular, 1
discharge, 1
duty, 1
decide, 1
behind, 1
purposed, 1
incredible, 1
detriment, 1
plot, 1
puts, 1
sea, 1
havens, 1
ports, 1
creeks, 1
retards, 1
richest, 1
merchandise, 2
established, 1
practice, 1
antichristian, 1
malice, 1
mystery, 1
extinguish, 1
possible, 2
settle, 1
differing, 1
turk, 1
upholds, 1
alcoran, 1
confessed, 1
thanks, 1
vows, 1
louder, 1
enjoy, 1
pope, 1
appurtenances, 1
thinks, 1
tent, 1
prospect, 1
mortal, 2
glass, 1
contemplate, 1
beatific, 1
declares, 1
perfect, 1
shape, 1
glorious, 3
ascended, 1
apostles, 1
asleep, 1
arose, 1
deceivers, 1
egyptian, 1
typhon, 1
conspirators, 1
osiris, 2
virgin, 1
hewed, 1
lovely, 1
pieces, 2
four, 2
sad, 1
imitating, 1
careful, 1
search, 3
isis, 1
mangled, 1
gathering, 1
limb, 2
joint, 1
member, 1
mould, 2
feature, 1
loveliness, 1
suffer, 1
prohibitions, 1
opportunity, 1
disturbing, 2
continue, 2
seeking, 1
obsequies, 1
torn, 1
martyred, 1
boast, 1
smites, 1
planets, 1
combust, 1
stars, 2
brightest, 1
magnitude, 1
orbs, 1
firmament, 1
evening, 1
gained, 1
staring, 1
onward, 1
remote, 1
unfrocking, 1
priest, 1
unmitring, 1
bishop, 1
presbyterian, 1
shoulders, 1
economical, 1
looked, 2
blaze, 1
zuinglius, 1
calvin, 2
beaconed, 1
stark, 2
perpetually, 1
calamity, 1
dissents, 1
meekness, 2
troublers, 1
dividers, 1
unity, 2
permit, 2
unite, 2
dissevered, 1
searching, 2
closing, 1
homogeneal, 1
golden, 1
theology, 1
arithmetic, 1
forced, 2
outward, 3
union, 1
cold, 1
neutral, 1
divided, 2
slow, 1
ingenious, 1
piercing, 1
invent, 1
subtle, 1
sinewy, 1
beneath, 1
capacity, 1
soar, 1
deepest, 1
eminent, 2
antiquity, 1
pythagoras, 1
persian, 1
julius, 1
agricola, 1
britain, 1
laboured, 1
frugal, 1
transylvanian, 1
sends, 1
yearly, 1
mountainous, 1
borders, 1
russia, 1
hercynian, 1
wilderness, 1
staid, 1
theologic, 1
favour, 1
peculiar, 1
propitious, 1
propending, 1
towards, 1
chosen, 2
sion, 1
proclaimed, 1
sounded, 1
tidings, 1
trumpet, 1
obstinate, 1
perverseness, 1
admirable, 1
wickliff, 1
suppress, 7
schismatic, 1
innovator, 1
bohemian, 1
huns, 1
luther, 1
reforming, 3
completely, 1
obdurate, 1
demeaned, 1
latest, 1
backwardest, 1
scholars, 1
concurrence, 1
instinct, 1
devout, 1
solemnly, 1
decreeing, 1
period, 1
reveal, 1
servants, 1
counsels, 2
vast, 1
refuge, 1
mansion, 1
encompassed, 1
surrounded, 1
war, 1
anvils, 1
hammers, 1
plates, 1
instruments, 1
defence, 2
beleaguered, 1
pens, 1
lamps, 1
musing, 1
revolving, 1
notions, 1
ideas, 1
homage, 1
fealty, 1
approaching, 1
trying, 1
assenting, 1
force, 1
pliant, 1
prone, 1
wants, 1
towardly, 1
pregnant, 1
soil, 1
labourers, 1
sages, 1
months, 1
lift, 1
fields, 1
white, 1
desire, 2
arguing, 1
fantastic, 1
terrors, 1
sect, 1
wrong, 1
earnest, 1
zealous, 1
thirst, 1
stirred, 1
lament, 1
rejoice, 1
pious, 3
forwardness, 2
reassume, 1
generous, 1
forbearance, 1
grain, 1
charity, 4
win, 2
diligences, 1
join, 1
brotherly, 2
forgo, 1
tradition, 1
crowding, 1
consciences, 1
liberties, 1
canons, 1
govern, 1
observing, 1
hopes, 1
aims, 1
alacrity, 1
reasonings, 1
pursuance, 1
cry, 1
pyrrhus, 1
admiring, 1
docility, 1
epirots, 1
attempted, 1
schismatics, 2
temple, 2
lord, 3
building, 2
cutting, 2
squaring, 1
marble, 1
hewing, 1
cedars, 1
irrational, 1
dissections, 1
quarry, 1
timber, 1
stone, 1
artfully, 1
united, 1
continuity, 1
contiguous, 1
perfection, 1
moderate, 1
varieties, 1
dissimilitudes, 1
vastly, 1
disproportional, 1
arises, 1
graceful, 1
symmetry, 1
commends, 1
pile, 1
builders, 1
spiritual, 1
architecture, 1
prophet, 1
rejoicing, 1
memorable, 1
fulfilled, 1
seventy, 1
elders, 2
young, 4
goodness, 1
joshua, 2
fret, 1
weakness, 2
agony, 1
divisions, 1
subdivisions, 1
undo, 1
applauds, 1
branched, 1
parties, 1
partitions, 1
firm, 1
root, 1
beware, 1
maniples, 1
angle, 1
unwieldy, 1
solicitude, 1
vex, 1
behalf, 1
laugh, 1
applauders, 1
differences, 2
besieged, 2
blocked, 1
navigable, 1
river, 1
infested, 1
inroads, 1
incursions, 1
defiance, 1
battle, 2
rumoured, 1
marching, 1
walls, 1
suburb, 1
important, 1
disputing, 1
reasoning, 1
inventing, 1
discoursing, 1
rarity, 1
admiration, 1
argues, 2
singular, 2
goodwill, 1
contentedness, 1
foresight, 1
safe, 1
derives, 1
bravery, 1
contempt, 2
enemies, 1
spirits, 3
hannibal, 2
bought, 1
ground, 1
cheap, 1
rate, 1
encamped, 1
cheerful, 1
presage, 1
blood, 1
fresh, 1
vigorous, 1
vital, 1
rational, 1
faculties, 1
acutest, 1
pertest, 1
operations, 1
subtlety, 1
plight, 1
constitution, 1
cheerfulness, 1
sprightly, 1
guard, 1
safety, 1
spare, 1
bestow, 1
solidest, 1
sublimest, 1
betokens, 1
degenerated, 1
drooping, 1
fatal, 1
decay, 1
casting, 1
wrinkled, 1
skin, 1
outlive, 1
pangs, 1
entering, 1
prosperous, 1
destined, 1
methinks, 2
noble, 2
puissant, 1
sleep, 1
invincible, 1
eagle, 1
mewing, 1
mighty, 1
kindling, 1
undazzled, 1
full, 2
midday, 1
purging, 1
unscaling, 1
fountain, 1
heavenly, 1
noise, 1
flocking, 1
birds, 1
twilight, 1
flutter, 1
amazed, 1
gabble, 1
prognosticate, 1
flowery, 1
crop, 1
sprung, 1
springing, 1
oligarchy, 1
engrossers, 1
famine, 1
measured, 1
desired, 1
immediate, 2
speaking, 1
assigned, 1
humane, 1
valorous, 1
purchased, 1
nurse, 1
rarefied, 1
enlightened, 2
influence, 1
enfranchised, 1
enlarged, 1
lifted, 1
apprehensions, 1
capable, 1
eagerly, 1
pursuing, 1
lovers, 1
founders, 1
brutish, 1
formal, 1
slavish, 2
oppressive, 1
freed, 1
hearts, 2
capacious, 1
erected, 1
expectation, 1
exactest, 1
propagated, 1
reinforce, 1
merciless, 1
dispatch, 1
stick, 1
closest, 1
excite, 1
arms, 1
coat, 1
conduct, 1
nobles, 1
dispraise, 1
immunities, 1
peace, 3
argue, 1
advised, 1
unequal, 2
newness, 1
unsuitableness, 1
customary, 1
acceptance, 1
repeat, 1
sacrificed, 1
fortunes, 1
missed, 1
bewailed, 1
undoubted, 1
patron, 1
eternal, 1
episcopacy, 1
treating, 1
vote, 1
dying, 1
regard, 1
testament, 1
disciples, 1
exhorts, 1
patience, 1
humility, 1
however, 1
miscalled, 1
purely, 1
ordinances, 2
disconformity, 1
tell, 2
special, 2
help, 1
discussing, 1
janus, 1
controversial, 1
unsignificantly, 1
winds, 1
play, 1
earth, 1
injuriously, 1
misdoubt, 1
falsehood, 1
confuting, 1
surest, 1
praying, 1
clearer, 1
geneva, 1
framed, 1
fabricked, 1
beg, 1
shines, 1
collusion, 1
hidden, 1
treasures, 1
early, 1
enjoin, 1
labouring, 1
hardest, 1
mines, 1
furnished, 1
findings, 1
defeated, 1
offers, 1
wind, 1
try, 1
dint, 1
opponents, 1
skulk, 1
ambushments, 1
narrow, 1
bridge, 1
challenger, 1
valour, 1
soldiership, 1
cowardice, 1
wars, 1
policies, 1
stratagems, 1
licensings, 1
bind, 2
sleeps, 1
speaks, 1
proteus, 1
oracles, 1
turns, 1
shapes, 2
tunes, 1
micaiah, 1
ahab, 1
adjured, 1
indifferent, 1
unlike, 1
shadow, 1
abolition, 1
nailed, 1
purchase, 1
boasts, 1
eats, 2
regards, 2
tolerated, 3
stronghold, 1
hypocrisy, 2
iron, 1
ghost, 1
linen, 1
decency, 1
haunts, 1
stumble, 1
impatient, 1
dividing, 1
congregation, 1
backwardness, 1
gripe, 1
separated, 1
fiercest, 1
rent, 1
disunion, 1
external, 1
formality, 1
gross, 1
conforming, 1
stupidity, 1
congealment, 1
wood, 1
hay, 1
stubble, 1
frozen, 1
degenerating, 1
subdichotomies, 1
petty, 1
separation, 1
expected, 1
silver, 1
sever, 1
wheat, 1
tares, 1
fish, 1
looks, 1
popery, 1
extirpates, 1
religions, 1
supremacies, 1
extirpate, 1
charitable, 1
compassionate, 1
regain, 1
impious, 1
possibly, 1
intends, 1
unlaw, 1
neighbouring, 1
indifferences, 1
interrupt, 1
bond, 1
helpful, 1
seemed, 1
bejesuited, 1
trouble, 1
asking, 1
appearance, 1
bleared, 1
dimmed, 1
prejudice, 1
unsightly, 1
unplausible, 1
contemptuous, 1
vainly, 1
newest, 1
shakes, 1
healthful, 1
commotions, 1
untrue, 1
sectaries, 1
teachers, 1
busiest, 1
revise, 1
steps, 1
enlightening, 1
dispense, 1
deal, 1
beam, 1
sustain, 1
confined, 1
chooses, 2
devote, 1
assemblies, 1
callings, 1
planting, 1
convocation, 1
chapel, 1
canonized, 1
convincement, 1
patient, 1
instruction, 1
supple, 1
bruise, 1
edify, 1
meanest, 1
desires, 1
letter, 1
voices, 2
harry, 1
vii, 1
liege, 1
tombs, 1
lend, 1
swell, 1
withholds, 1
meetings, 1
dismissions, 1
thoroughly, 1
sakes, 1
profiting, 1
contented, 1
stale, 1
receipts, 1
manage, 1
positions, 1
cinders, 1
feet, 1
notion, 1
polish, 1
brighten, 1
armoury, 1
fitted, 1
ample, 1
pharisees, 1
haste, 1
precipitant, 1
distinction, 1
resolve, 1
mouths, 1
forejudge, 1
understand, 1
woe, 1
presbytery, 1
triple, 1
ice, 1
clung, 1
persuaders, 1
renew, 1
bondage, 1
wrought, 1
check, 1
countermand, 1
john, 1
unacceptable, 1
testy, 1
mood, 1
remembrance, 1
abounded, 1
transgressing, 1
execute, 1
stirrup, 1
distribution, 1
suppressors, 1
puffed, 1
regulating, 1
advising, 1
mischievous, 1
fire, 1
executioner, 1
timeliest, 1
effectual, 1
prevention, 1
authentic, 1
star, 1
chamber, 1
fallen, 1
contriving, 1
pretended, 1
upper, 1
doubted, 1
patentees, 1
monopolizers, 1
trade, 1
pretence, 1
company, 1
defrauded, 1
retaining, 1
several, 1
gainsaid, 1
glossing, 1
colours, 2
serving, 1
superiority, 1
indebted, 1
procuring, 1
petition, 1
scape, 1
sophisms, 1
elenchs, 1
misinformed, 1
reduced, 1
redress, 1
erred, 1
advertisement, 1
sumptuous, 1
bride, 1
participate, 1
