Word, Count
story, 7
life, 8
ted, 1
chiang, 1
2000, 1
father, 13
ask, 18
question, 5
important, 1
moment, 8
lives, 1
want, 22
pay, 4
attention, 3
note, 2
every, 15
detail, 3
dad, 10
come, 14
back, 24
î»šom, 58
evening, 2
dinner, 4
show, 11
itâ€™s, 51
aî»‹er, 20
midnight, 1
came, 4
onto, 2
patio, 2
look, 14
full, 5
moon, 1
told, 5
wanted, 4
dance, 2
humors, 1
weâ€™re, 15
slow-dancing, 1
pair, 2
thirtysomethings, 1
swaying, 1
forth, 2
moon-light, 1
like, 78
kids, 2
donâ€™t, 19
feel, 9
night, 4
chill, 1
says, 4
â€œdo, 3
make, 26
baby?â€, 2
right, 22
married, 2
two, 20
years, 11
living, 3
ellis, 1
avenue, 1
move, 4
youâ€™ll, 68
still, 11
young, 4
remember, 18
house, 5
weâ€™ll, 14
pictures, 2
tell, 17
stories, 1
iâ€™d, 14
love, 3
youâ€™re, 20
conceived, 2
time, 39
would, 57
ready, 6
children, 3
never, 17
get, 24
chance, 2
telling, 2
earlier, 2
wouldnâ€™t, 7
good, 11
wonâ€™t, 21
sit, 2
hear, 12
romanticâ€”, 1
youâ€™d, 6
say, 38
sappyâ€”story, 1
scenario, 2
origin, 1
suggest, 1
twelve, 2
â€œthe, 10
reason, 8
could, 58
maid, 2
â€, 95
bitterly, 1
dragging, 1
vacuum, 1
cleaner, 1
closet, 3
â€œthatâ€™s, 7
iâ€™ll, 47
â€œthirteen, 1
ago, 4
knew, 18
carpets, 1
need, 21
vacuuming, 1
around, 13
baby, 1
seemed, 7
cheapest, 1
easiest, 2
way, 25
job, 5
done, 2
kindly, 1
it.â€, 8
â€œif, 6
werenâ€™t, 6
mother, 4
illegal, 1
seething, 1
unwind, 1
power, 2
cord, 2
plug, 1
wall, 3
outlet, 1
belmont, 1
street, 1
live, 2
see, 29
strangers, 1
occupy, 1
houses, 1
one, 90
grow, 4
sell, 2
first, 23
couple, 3
arrival, 2
second, 15
shortly, 3
departure, 1
nelson, 6
moved, 2
farmhouse, 1
whatâ€™s-her-name, 2
2, 1
know, 41
ends, 1
think, 28
lot, 7
also, 12
began, 9
ships, 3
appeared, 7
orbit, 3
artifacts, 1
meadows, 1
government, 2
said, 76
next, 14
nothing, 7
tabloids, 1
possible, 16
thing, 11
got, 11
phone, 3
call, 14
request, 4
meeting, 2
spotted, 1
waiting, 5
hallway, 2
outside, 5
office, 7
made, 15
odd, 3
wore, 1
military, 4
uniform, 1
crew, 1
cut, 3
carried, 2
aluminum, 1
briefcase, 2
assessing, 1
surroundings, 1
critical, 1
eye, 2
easily, 2
identifiable, 1
academic, 1
beard, 1
mustache, 1
wearing, 4
corduroy, 2
browsing, 1
overlapping, 1
sheets, 3
stapled, 1
bulletin, 1
board, 1
nearby, 1
â€œcolonel, 3
weber, 23
presume?â€, 1
shook, 3
hands, 6
soldier, 3
â€œlouise, 1
banks.â€, 1
â€œdr, 1
banks, 1
thank, 3
taking, 2
speak, 5
us, 30
â€œnot, 8
excuse, 1
avoid, 2
faculty, 2
meeting.â€, 1
colonel, 26
indicated, 6
companion, 2
â€œthis, 5
dr, 1
gary, 66
donnelly, 5
physicist, 5
mentioned, 2
spoke, 5
phone.â€, 1
â€œcall, 2
â€œiâ€™m, 11
anxious, 1
say.â€, 2
entered, 5
stacks, 1
books, 1
guest, 1
chair, 6
sat, 8
â€œyou, 26
listen, 1
recording, 10
presume, 1
something, 23
aliens?â€, 1
â€œall, 3
offer, 3
â€œokay, 7
letâ€™s, 3
took, 9
tape, 2
machine, 1
pressed, 2
play, 5
sounded, 1
vaguely, 2
wet, 2
dog, 2
shaking, 1
water, 7
fur, 1
â€œwhat, 17
that?â€, 7
asked, 26
withheld, 1
comparison, 2
context, 8
made?â€, 1
liberty, 1
â€œit, 11
help, 11
interpret, 3
sounds, 13
alien, 8
speaking, 9
anything, 17
time?â€, 1
offer.â€, 1
giving, 2
away, 9
youâ€™ve, 3
seen, 6
aliens, 10
publicâ€™s, 1
assumed, 1
have.â€, 1
wasnâ€™t, 13
budging, 1
opinion, 1
linguistic, 3
properties?â€, 1
â€œwell, 5
clear, 2
vocal, 4
tract, 3
substantially, 1
different, 19
human, 22
assume, 1
humans?â€, 1
noncommittal, 1
â€œcan, 5
guesses, 1
based, 6
tape?â€, 1
3, 1
really, 8
doesnâ€™t, 8
sound, 17
theyâ€™re, 10
using, 21
larynx, 2
like.â€, 2
â€œanythingâ€”is, 1
else, 5
us?â€, 1
accustomed, 1
consulting, 1
civilian, 1
â€œonly, 1
establishing, 1
communications, 2
going, 14
difficult, 2
difference, 9
anatomy, 2
almost, 13
certainly, 5
canâ€™t, 16
reproduce, 1
maybe, 8
ear, 1
distinguish.â€, 1
mean, 12
inî»ša, 1
ultrasonic, 1
î»šequencies?â€, 1
specifically, 3
auditory, 1
system, 13
isnâ€™t, 6
absolute, 2
acoustic, 1
instrument, 1
optimized, 1
recognize, 7
makes, 6
bets, 1
off.â€, 2
shrugged, 1
â€œmaybe, 2
able, 8
phonemes, 2
given, 13
enough, 6
practice, 3
ears, 1
simply, 11
distinctions, 1
consider, 7
meaningful, 4
case, 6
weâ€™d, 3
spectrograph, 9
saying.â€, 1
â€œsuppose, 2
gave, 3
hourâ€™s, 1
worth, 4
recordings, 2
long, 12
take, 11
determine, 3
not?â€, 1
â€œi, 32
couldnâ€™t, 10
matter, 8
much, 17
talk, 9
directly.â€, 1
head, 5
possible.â€, 2
tried, 15
break, 2
gently, 1
course, 11
learn, 12
unknown, 1
language, 38
interact, 2
native, 2
speaker, 4
asking, 3
questions, 7
holding, 4
conversation, 10
sort, 3
without, 12
aliensâ€™, 2
someone, 9
training, 2
field, 1
linguisticsâ€”, 1
whether, 4
elseâ€”will, 1
alone, 1
arenâ€™t, 4
sufficient.â€, 1
î»šowned, 2
seem, 4
implying, 1
learned, 8
languages, 10
monitoring, 1
broadcasts.â€, 1
doubt, 2
theyâ€™d, 4
instructional, 1
material, 1
designed, 1
teach, 4
non-humans, 1
either, 12
interaction, 1
tv, 1
otherwise, 2
starting, 2
point.â€, 1
clearly, 5
found, 5
interesting, 12
evidently, 1
philosophy, 2
less, 2
better, 5
read, 7
colonelâ€™s, 1
expression, 5
rolled, 1
eyes, 13
suppressed, 1
smile, 2
learning, 8
new, 8
talking, 10
speakers, 4
teaching, 2
english?â€, 1
â€œthat, 3
depend, 1
cooperative, 2
pick, 4
bits, 1
pieces, 1
iâ€™m, 20
4, 1
willing, 3
hand, 12
rather, 3
english, 7
things, 10
far, 11
difficult.â€, 1
nodded, 10
â€œiâ€™ll, 5
matter.â€, 1
perhaps, 7
momentous, 1
mountain, 1
rescue, 1
point, 11
year, 4
tops, 1
though, 13
drive, 3
together, 13
perform, 2
identification, 1
silent, 2
car, 5
ride, 1
morgue, 2
tile, 1
stainless, 1
steel, 1
hum, 1
reî»šigeration, 1
smell, 3
antiseptic, 1
orderly, 2
pull, 3
sheet, 2
reveal, 3
face, 6
wrong, 4
somehow, 2
â€œyes, 4
thatâ€™s, 18
â€œsheâ€™s, 1
mine.â€, 2
twenty-five, 2
mp, 1
checked, 1
badge, 1
notation, 1
clipboard, 1
opened, 1
gate, 1
drove, 1
off-road, 1
vehicle, 1
encampment, 3
small, 3
village, 1
tents, 1
pitched, 1
army, 3
farmerâ€™s, 1
sun-scorched, 1
pasture, 1
center, 3
devices, 2
nicknamed, 1
â€œlooking, 1
glasses.â€, 1
according, 5
briefings, 1
attended, 2
nine, 1
united, 1
states, 2
hundred, 2
world, 6
looking, 38
glasses, 6
acted, 2
twoway, 1
communication, 4
presumably, 4
person, 7
fear, 1
cooties, 1
team, 1
scientists, 5
including, 3
linguist, 2
assigned, 2
glass, 30
parking, 3
area, 4
navigated, 1
circular, 2
maze, 1
concrete, 2
barricades, 1
reached, 4
large, 7
tent, 8
covered, 4
î»šont, 6
equipment, 2
cart, 2
loaded, 1
goodies, 1
borrowed, 1
schoolâ€™s, 1
phonology, 1
lab, 1
sent, 1
ahead, 3
inspection, 1
three, 8
tripod-mounted, 1
video, 11
cameras, 2
whose, 4
lenses, 1
peered, 1
windows, 1
fabric, 1
main, 1
room, 13
everything, 6
reviewed, 1
countless, 2
others, 5
intelligence, 1
addition, 1
send, 1
daily, 3
reports, 1
mine, 6
include, 3
estimates, 1
thought, 12
understand, 10
held, 1
open, 5
flap, 1
gestured, 4
enter, 2
â€œstep, 1
circus-barker-style, 1
â€œmarvel, 1
creatures, 1
likes, 1
godâ€™s, 1
green, 2
earth.â€, 1
â€œand, 7
slim, 1
dime, 1
murmured, 2
walking, 6
door, 8
inactive, 1
resembling, 1
semicircular, 2
mirror, 3
ten, 1
feet, 4
5, 1
high, 5
twenty, 2
across, 2
brown, 2
grass, 2
arc, 1
white, 1
spray, 1
paint, 4
outlined, 1
activation, 1
currently, 2
contained, 2
table, 5
folding, 1
chairs, 1
strip, 1
leading, 1
generator, 1
buzz, 2
fluorescent, 1
lamps, 1
hung, 2
poles, 1
along, 12
edge, 3
commingled, 1
flies, 1
sweltering, 1
heat, 1
looked, 22
pushing, 1
crossed, 2
line, 9
transparent, 4
slowly, 3
raising, 1
illumination, 1
behind, 4
tinted, 1
illusion, 3
depth, 1
uncanny, 2
felt, 6
walk, 5
fully, 2
lit, 1
resembled, 3
life-sized, 1
diorama, 1
objects, 1
might, 24
furniture, 1
curved, 1
rear, 2
busied, 1
connecting, 1
microphone, 2
portable, 1
computer, 12
worked, 7
î»šequently, 1
glanced, 1
anticipating, 1
even, 15
jumped, 1
barrel, 1
suspended, 1
intersection, 1
seven, 2
limbs, 7
radially, 1
symmetric, 1
serve, 1
arm, 2
leg, 1
four, 3
legs, 3
non-adjacent, 1
arms, 2
curled, 2
sides, 4
called, 5
â€œheptapods.â€, 1
shown, 2
videotapes, 2
gawked, 1
distinct, 1
joints, 1
anatomists, 1
guessed, 2
supported, 1
vertebral, 1
columns, 1
whatever, 4
underlying, 3
structure, 1
heptapodâ€™s, 4
conspired, 1
disconcertingly, 1
fluid, 1
manner, 4
â€œtorsoâ€, 1
rode, 1
atop, 1
rippling, 1
smoothly, 1
hovercraî»‹, 1
lidless, 1
ringed, 1
top, 6
body, 8
walked, 4
doorway, 1
brief, 4
sputtering, 1
returned, 2
followed, 3
another, 14
heptapod, 70
ever, 8
turn, 4
eerie, 1
logical, 2
direction, 8
well, 8
â€œforward.â€, 1
watching, 2
reaction, 4
â€œready?â€, 1
deep, 1
breath, 3
â€œready, 2
enough.â€, 1
plenty, 1
fieldwork, 1
amazon, 1
always, 7
bilingual, 1
procedure, 5
informants, 2
portuguese, 1
use, 19
previously, 4
gotten, 2
introduction, 1
local, 2
missionaries, 2
attempt, 2
conducting, 2
true, 6
monolingual, 1
discovery, 2
straightforward, 1
theory, 2
side, 7
image, 3
real, 4
skin, 3
crawled, 1
texture, 1
gray, 1
ridges, 2
arranged, 2
whorls, 1
loops, 1
situation, 2
stranger, 1
6, 1
pointed, 18
â€œhuman.â€, 2
you?â€, 5
heptapods, 66
limb, 3
terminal, 1
digits, 2
lucky, 2
cultures, 1
chin, 2
hadnâ€™t, 3
used, 11
known, 3
gesture, 2
heard, 7
fluttering, 3
saw, 10
puckered, 1
orifice, 2
vibrate, 1
fluttered, 2
went, 8
screen, 13
virtually, 1
identical, 2
spectrographs, 3
representing, 2
marked, 1
sample, 1
playback, 3
â€œhumanâ€, 1
played, 2
flutter, 1
half, 3
utterance, 5
repetition, 2
previous, 3
utterances, 7
flutter1, 4
flutter2flutter1, 1
paused, 1
â€œchairâ€, 3
talked, 3
differed, 2
distinctly, 1
flutter3, 3
playing, 3
replied, 4
judging, 3
flutter3flutter2, 1
optimistic, 1
interpretation, 6
confirming, 1
correct, 1
implied, 4
compatibility, 1
patterns, 1
discourse, 2
pessimistic, 1
nagging, 1
cough, 1
delimited, 1
certain, 5
sections, 1
typed, 2
tentative, 1
gloss, 1
â€œheptapodâ€, 5
â€œyesâ€, 1
flutter2, 2
â€œlanguage, 1
aâ€, 1
heading, 3
watched, 5
typing, 1
â€œwhatâ€™s, 3
â€˜aâ€™, 1
for?â€, 3
distinguishes, 2
ones, 4
â€œnow, 5
try, 6
laughs.â€, 1
mimic, 1
â€œheptapod.â€, 2
pause, 1
neither, 6
since, 7
faces, 2
pronouncing, 2
close, 4
grumbled, 1
impressed, 2
moose, 1
sends, 1
running.â€, 1
7, 1
times, 7
responded, 3
replayed, 1
pronunciation, 2
confirmation, 1
â€œyes.â€, 1
â€œso, 14
stuck, 1
recordings?â€, 1
â€œat, 2
least, 7
temporarily.â€, 1
what?â€, 2
sure, 6
hasnâ€™t, 2
actually, 7
saying, 6
â€˜arenâ€™t, 1
cuteâ€™, 1
â€˜look, 1
now.â€™, 1
identiî», 4
words, 15
pronounces, 1
them.â€, 4
seat, 2
â€œget, 1
comfortable, 1
thisâ€™ll, 1
while.â€, 1
1770, 1
captain, 1
cookâ€™s, 1
ship, 1
endeavour, 1
ran, 2
aground, 1
coast, 1
queensland, 1
australia, 1
men, 1
repairs, 1
cook, 2
led, 1
exploration, 1
party, 3
met, 4
aboriginal, 1
people, 3
sailors, 2
animals, 2
hopped, 1
riding, 2
pouches, 1
aborigine, 2
â€œkanguru.â€, 1
referred, 1
word, 19
later, 6
meant, 8
say?â€, 2
introductory, 1
untrue, 1
explain, 8
aî»‹erwards, 1
classic, 1
anecdote, 1
anecdotes, 3
undergraduates, 1
featuring, 1
rest, 6
career, 1
thatâ€™ll, 2
many, 11
sign, 3
courses, 1
old, 7
sessions, 2
linguists, 7
conducted, 1
tapes, 2
instructive, 1
theyâ€™ll, 2
useful, 2
visited, 1
generate, 1
comes, 2
language-learning, 1
favorite, 3
source, 2
child, 4
acquisition, 1
aî»‹ernoon, 1
five, 2
home, 2
kindergarten, 1
coloring, 1
crayons, 1
grade, 1
papers, 2
â€œmom, 2
carefully, 4
casual, 2
tone, 1
reserved, 1
requesting, 1
favor, 1
something?â€, 1
â€œsure, 5
sweetie, 1
go, 8
ahead.â€, 1
um, 2
honored?â€, 1
paper, 4
grading, 1
mean?â€, 2
school, 5
sharon, 2
honored.â€, 1
â€œreally, 3
big, 2
sister, 1
honored, 1
â€œah, 2
honor?â€, 2
â€œyeah, 2
8, 1
prefab, 1
building, 1
containing, 2
operations, 1
site, 2
inside, 6
planning, 2
invasion, 1
evacuation, 1
crew-cut, 1
soldiers, 1
map, 1
burly, 1
electronic, 1
gear, 1
headsets, 1
weberâ€™s, 3
cool, 2
air, 5
conditioning, 2
briefed, 1
dayâ€™s, 1
results, 2
â€œdoesnâ€™t, 1
idea, 9
faster, 3
progress, 6
â€œbut, 9
approve, 1
equipment.â€, 1
need?â€, 1
â€œa, 4
digital, 1
camera, 3
screen.â€, 1
showed, 4
drawing, 3
setup, 1
imagined, 1
writing, 43
display, 2
record, 3
write, 7
hoping, 2
same.â€, 1
dubiously, 2
advantage, 3
iâ€™ve, 6
proceeding, 1
unwritten, 1
occurred, 2
must, 6
too.â€, 1
â€œso?â€, 1
mechanical, 1
producing, 1
ought, 1
regular, 1
consistent, 2
easier, 1
graphemes, 2
instead, 20
picking, 1
letters, 1
printed, 4
sentence, 25
trying, 15
spoken, 16
aloud.â€, 1
admitted, 2
respond, 1
displayed, 5
â€œbasically, 1
put, 7
spaces, 1
sentences, 9
intelligible, 1
splice, 1
recordings.â€, 1
leaned, 2
little, 6
technology, 8
machines, 1
intermediaries, 1
already, 7
believe, 7
restricted, 1
spectrographs.â€, 1
turned, 11
â€œyour, 2
opinion?â€, 1
curious, 3
difficulty, 1
reading, 6
monitors, 1
completely, 8
screens, 4
pixels, 1
scan, 2
lines, 3
reî»šesh, 1
î»šame-by-î»šame, 1
basis.â€, 1
render, 1
unreadable, 1
heptapods?â€, 1
9, 1
â€œitâ€™s, 8
â€œweâ€™ll, 3
see.â€, 1
considered, 4
view, 2
quickly, 4
â€œrequest, 1
granted, 1
sergeant, 1
bringing, 1
tomorrow.â€, 1
day, 7
summer, 3
sixteen, 1
date, 1
arrive, 3
looks, 4
î»šiend, 3
blond, 1
girl, 4
unlikely, 2
name, 3
roxie, 5
hanging, 1
giggling, 1
may, 6
urge, 1
comments, 2
checking, 1
â€œjust, 2
restrain, 1
leave.â€, 1
â€œdonâ€™t, 6
worry, 5
mom, 8
weather, 2
tonight, 2
momâ€™s, 1
date.â€, 1
â€œright, 3
â€œno, 9
definitely, 1
â€œrelax, 1
heâ€™ll, 3
time.â€, 2
comfort, 1
is.â€, 3
introductions, 1
engage, 3
porch, 1
ruggedly, 1
handsome, 1
evident, 1
approval, 1
leave, 3
casually, 1
tonight?â€, 1
hot, 1
answer, 7
nod, 1
agreement, 1
cool.â€, 1
sixth, 1
sense, 5
give, 16
feeling, 2
scorcher, 1
dressed, 1
mom.â€, 3
glare, 1
lead, 1
toward, 4
amused, 1
missing, 1
i?â€, 2
private, 2
joke, 4
mutter, 1
session, 8
repeated, 3
performed, 2
displaying, 3
showing, 1
â€œhuman, 1
eventually, 3
understood, 3
set, 4
flat, 1
mounted, 1
pedestal, 2
inserted, 2
socket, 1
doodle, 1
script, 6
cursive, 2
popped, 1
10, 1
soon, 3
settled, 1
routine, 2
compiled, 1
parallel, 3
corpora, 1
samples, 1
impressions, 1
logographic, 1
disappointing, 1
alphabetic, 2
speech, 13
logograms, 9
phonetic, 1
information, 13
finding, 2
harder, 1
getting, 5
various, 3
parts, 1
elicit, 3
terms, 8
underside, 1
lined, 1
articulated, 1
bony, 1
probably, 3
eating, 3
respiration, 1
conspicuous, 1
orifices, 1
mouth, 1
anus, 1
sorts, 1
wait, 6
addressing, 1
individually, 1
personal, 1
names, 3
answers, 2
unpronounceable, 1
garyâ€™s, 4
purposes, 2
dubbed, 1
flapper, 13
raspberry, 14
hoped, 1
apart, 1
conferred, 1
looking-glass, 2
do?â€, 1
â€œwe, 5
verbs, 9
third-person, 1
forms, 2
act, 11
type, 4
written, 16
form, 10
figure, 2
brought, 4
bunch, 3
props, 2
use.â€, 1
problem, 2
cracking, 1
knuckles, 1
are.â€, 1
simple, 6
intransitive, 1
jumping, 1
demonstrated, 1
charming, 1
lack, 1
self-consciousness, 1
presence, 1
didnâ€™t, 25
inhibit, 1
actions, 2
caught, 1
mimicking, 1
performing, 2
equivalent, 2
action, 4
description, 4
aloud, 3
glossed, 1
verb, 4
phrase, 2
analogs, 1
nouns, 1
goodness, 1
however, 3
clearcut, 1
single, 5
logogram, 13
separate, 4
â€œwalks, 2
subject, 5
walksâ€, 1
maintaining, 1
parallelism, 1
noticed, 1
extra, 3
strokes, 10
added, 2
11, 1
affixes, 1
noun, 4
instances, 1
decided, 1
transitive, 1
substituting, 1
object, 5
clariî», 1
among, 1
apple, 2
slice, 3
bread, 1
â€œshow, 1
food, 1
eat, 1
bread.â€, 1
golden, 1
delicious, 1
bite, 2
whole, 2
wheat, 1
leî»‹, 5
kind, 6
giant, 3
nut, 1
gourd, 4
gelatinous, 1
ellipsoid, 1
crunching, 1
resulted, 1
reemerged, 1
minus, 1
cornlike, 1
kernels, 1
beneath, 2
shell, 1
â€œgourdâ€, 1
changed, 3
possibly, 1
marker, 3
study, 1
graphic, 2
elements, 4
individual, 5
â€œgourd.â€, 1
melted, 2
several, 7
mix, 1
â€œeat.â€, 1
multiword, 1
ligature, 1
gelatin, 2
egg, 1
descriptions, 1
â€œheptapod, 1
eats, 1
eggâ€, 3
analyzable, 1
â€œgelatin, 2
bore, 2
expected, 2
sentenceâ€™s, 1
order, 13
last, 6
longer, 4
laid, 4
standing, 3
â€œuh-oh.â€, 1
noun-verb, 1
examples, 2
inconsistent, 1
realized, 2
contain, 1
rotated, 3
distorted, 1
combined, 3
recognized, 3
guys, 2
kidding, 2
muttered, 1
wrong?â€, 1
â€œtheir, 1
word-divided, 1
joining, 1
constituent, 1
join, 2
rotating, 1
modiî»ing, 1
look.â€, 2
equal, 1
ease, 2
wonder, 2
consequence, 1
bodiesâ€™, 2
radial, 2
symmetry, 3
bodies, 1
â€˜forwardâ€™, 1
highly, 2
neat.â€, 1
12, 1
working, 7
modified, 1
â€œneatâ€, 1
â€œhighly.â€, 1
means, 6
thereâ€™s, 8
easy, 3
recombine, 1
rules, 2
legible, 1
continuity, 1
splicing, 1
î»šagments, 1
except, 1
applied, 1
writing.â€, 1
continue, 2
sighed, 3
fair, 2
days, 2
readily, 2
taught, 1
requiring, 1
cohorts, 1
pondered, 1
implications, 1
via, 1
conferencing, 1
share, 2
videoconferencing, 1
incongruous, 1
environment, 1
primitive, 2
compared, 2
heptapodsâ€™, 11
colleagues, 1
remote, 1
familiar, 4
bizarre, 1
discuss, 2
physics, 17
basics, 1
phonemics/graphemics, 1
vocabulary, 1
syntax, 5
pool, 1
data, 1
coordinate, 2
efforts, 2
biggest, 2
confusion, 1
â€œwriting.â€, 1
appear, 3
intricate, 2
designs, 4
rows, 1
spiral, 2
linear, 1
fashion, 2
sticking, 1
needed, 4
conglomeration, 1
reminiscent, 1
systems, 4
required, 3
reader, 1
messageâ€™s, 1
limited, 1
systematic, 1
yet, 10
developed, 3
level, 1
oral, 1
tradition, 1
possibilities, 2
originated, 1
illiterates, 1
elseâ€™s, 1
third, 1
nonlinear, 1
orthography, 1
qualified, 1
junior, 1
itâ€™ll, 4
sunday, 1
morning, 1
scrambling, 1
eggs, 1
13, 1
brunch, 1
laugh, 3
â€œoh, 3
man, 2
â€œtheyâ€™re, 2
weight, 2
drink, 1
drunker.â€, 1
maintain, 3
neutral, 1
pleasant, 1
â€œwhat?â€, 2
exact, 1
age.â€, 1
admit, 3
lose, 1
respect, 1
ifâ€”â€, 1
â€œgod, 2
idiot?â€, 1
not.â€, 1
maddeningly, 1
remind, 1
clone, 1
wonderful, 3
delight, 1
created, 2
trailer, 2
offices, 1
catch, 3
semasiographic, 4
â€œexcuse, 2
me?â€, 1
â€œhere, 1
let, 6
you.â€, 1
directed, 1
chalkboard, 3
drew, 4
circle, 2
diagonal, 2
bisecting, 1
â€œâ€˜not, 1
allowedâ€™?â€, 1
â€œright.â€, 2
allowed, 1
representation, 1
speech.â€, 1
â€œokay.â€, 1
â€œlinguists, 1
describe, 3
thisâ€”â€, 1
â€œâ€”as, 1
â€˜glottographic, 1
â€™, 4
represents, 1
category, 1
symbolâ€”â€, 1
â€œâ€”is, 1
â€˜semasiographicâ€™, 1
conveys, 1
meaning, 2
reference, 1
correspondence, 1
components, 2
particular, 4
sounds.â€, 1
this?â€, 1
â€œfrom, 1
yes, 2
picture, 2
complex, 3
constructing, 1
visual, 3
unrelated, 1
language.â€, 4
example?â€, 1
â€œcoming, 2
up.â€, 3
desk, 3
pulled, 3
î»šame, 3
yesterdayâ€™s, 1
monitor, 1
â€œin, 5
14, 1
indicating, 1
identified, 1
orientation, 1
relative, 6
figures, 1
â€œfor, 1
instance, 1
â€˜heptapodâ€™, 2
integrated, 2
â€˜hearsâ€™, 1
hearing.â€, 1
â€œwhen, 2
perpendicular, 1
morphology, 1
applies, 2
â€œanother, 1
example, 2
inflection, 1
system.â€, 1
roughly, 2
â€˜hear, 3
easilyâ€™, 1
clearly.â€™, 1
common, 4
â€˜hearâ€™, 3
combine, 1
ways, 4
indicate, 2
whatâ€™s, 3
modulation, 3
clearlyâ€™, 1
special, 2
transformation, 1
applied?â€, 1
pointing, 3
express, 2
â€˜clearlyâ€™, 1
changing, 3
curve, 2
middle.â€, 1
applicable, 1
lots, 2
â€˜seeâ€™, 2
modulated, 1
â€˜see, 1
â€˜readâ€™, 1
version, 2
add, 1
prefix, 1
prefixes, 1
â€œthere, 1
essentially, 1
grammar, 6
dimensions.â€, 1
pacing, 2
thoughtfully, 1
â€œis, 1
systems?â€, 1
â€œmathematical, 1
equations, 3
notations, 1
music, 1
specialized, 1
suspect, 1
full-fledged, 1
general-purpose, 1
graphical, 1
constitutes, 1
right?â€, 3
fact, 5
itâ€™d, 1
accurate, 2
refer, 1
â€˜heptapod, 2
b, 27
aâ€™, 1
strictly, 1
referring, 1
â€œhold, 1
suffice, 1
seems, 1
unnecessarily, 2
hard, 3
learn.â€, 1
â€œlike, 3
spelling?â€, 1
â€œease, 1
primary, 2
force, 1
evolution, 1
cultural, 1
cognitive, 1
roles, 1
one.â€, 3
15, 1
redundant, 1
wasting, 1
channel.â€, 1
entirely, 2
immediate, 2
implication, 1
ignore, 2
two-pronged, 1
approach.â€, 1
bet, 4
two-dimensional, 2
mathematical, 4
notation.â€, 1
â€œyouâ€™ve, 2
start, 7
mathematics?â€, 1
grasp, 2
begin, 5
smiled, 3
mimed, 1
î»šustration, 1
â€œpatience, 1
sir, 1
patience, 1
virtue.â€, 1
six, 1
conference, 1
attend, 1
hawaii, 2
accompany, 1
excited, 2
preparations, 1
weeks, 2
beforehand, 1
coconuts, 1
volcanoes, 1
surfing, 1
hula, 1
dancing, 1
pack, 4
suitcase, 1
clothes, 2
toys, 2
bring, 3
drag, 1
carry, 3
etch-a-sketch, 1
bag, 2
â€œthereâ€™ll, 1
fun, 2
toys.â€, 1
dimples, 1
eyebrows, 1
agree, 1
fewer, 1
expectations, 1
increase, 1
wanna, 3
whine, 2
â€œsometimes, 1
anticipation, 1
there.â€, 1
pout, 1
report, 4
submitted, 1
suggested, 3
term, 3
â€œlogogramâ€, 1
misnomer, 1
graph, 1
represented, 2
graphs, 1
correspond, 1
notion, 2
â€œideogramâ€, 1
past, 10
â€œsemagramâ€, 1
semagram, 6
corresponded, 1
combination, 2
semagrams, 15
16, 1
endless, 1
statements, 2
define, 2
precisely, 2
satisfactorily, 1
defined, 4
â€œwordâ€, 1
became, 6
confusing, 1
punctuation, 1
cadence, 1
subject-predicate, 1
pairings, 1
neatly, 1
â€œsentenceâ€, 1
number, 1
paragraph, 1
page, 4
size, 1
grew, 7
fairly, 1
sizable, 1
impact, 1
remarkable, 1
decipher, 1
fanciful, 1
praying, 1
mantids, 1
drawn, 2
style, 2
clinging, 1
escheresque, 1
lattice, 1
slightly, 2
stance, 1
effect, 4
similar, 4
psychedelic, 1
posters, 1
sometimes, 3
eye-watering, 1
hypnotic, 1
taken, 6
college, 1
graduation, 3
photo, 1
striking, 1
pose, 1
mortarboard, 1
stylishly, 1
tilted, 1
touching, 1
sunglasses, 1
hip, 1
gown, 1
tank, 1
shorts, 1
underneath, 1
distraction, 1
minor, 1
entire, 7
weekend, 2
introducing, 1
classmates, 1
hugging, 1
everyone, 2
incessantly, 2
mute, 1
amazement, 1
grown, 1
woman, 2
taller, 1
beautiful, 1
heart, 2
ache, 1
liî»‹, 2
ground, 1
reach, 2
drinking, 1
fountain, 2
trundle, 1
bedroom, 5
draped, 1
dress, 1
hat, 1
scarves, 1
financial, 1
analyst, 1
fascination, 1
money, 1
preeminence, 1
salary, 1
negotiating, 1
offers, 1
prefer, 2
pursue, 1
regard, 1
monetary, 1
rewards, 1
complaints, 1
teacher, 1
happy, 2
teams, 3
earnest, 1
terminology, 1
elementary, 2
mathematics, 7
presentations, 1
focusing, 2
physicists, 5
devised, 1
communicating, 1
intended, 1
radio, 1
telescope, 1
reworked, 1
face-to-face, 1
17, 1
successful, 1
basic, 2
arithmetic, 1
hit, 1
road, 1
block, 1
geometry, 2
algebra, 3
spherical, 1
rectangular, 1
thinking, 7
natural, 1
approach, 1
î»šuitful, 2
likewise, 1
discussions, 2
poorly, 1
success, 2
attempts, 2
periodic, 1
remotely, 1
abstract, 1
gibbering, 1
demonstrate, 2
physical, 17
attributes, 6
mass, 1
acceleration, 2
requests, 1
clarification, 2
perceptual, 1
problems, 1
associated, 1
medium, 1
demonstrations, 2
drawings, 1
photos, 1
animations, 1
none, 3
effective, 1
becoming, 2
disillusioned, 1
contrast, 2
steady, 2
decoding, 1
follow, 3
pattern, 1
comprehensible, 1
î»šee, 7
extent, 1
preferred, 4
clauses, 6
conditional, 1
statement, 2
defiance, 1
â€œuniversal.â€, 1
objection, 2
levels, 1
center-embedding, 1
defeated, 1
humans, 10
peculiar, 1
impenetrable, 1
newly, 1
discovered, 2
morphological, 2
grammatical, 1
processes, 2
uniquely, 1
depending, 1
semagramâ€™s, 1
declension, 1
inflections, 1
varying, 2
strokeâ€™s, 1
curvature, 1
thickness, 1
undulation, 1
sizes, 2
radicals, 1
distance, 2
radical, 2
orientations, 1
non-segmental, 1
isolated, 1
despite, 2
traits, 1
behaved, 1
calligraphic, 2
meanings, 1
unambiguous, 1
regularly, 1
answered, 1
â€œto, 2
observe.â€, 1
indeed, 3
watch, 2
silently, 2
tourists, 2
state, 6
department, 4
instructed, 1
humanity, 1
bargaining, 1
chip, 1
subsequent, 2
negotiations, 2
obliged, 1
require, 3
effort, 2
awfully, 1
incurious, 1
driving, 1
mall, 2
buy, 1
18, 1
thirteen, 1
sprawled, 1
unself-conscious, 1
toss, 1
hair, 3
practiced, 2
casualness, 1
model, 1
instructions, 1
credit, 2
cards, 2
meet, 4
entrance, 2
hours.â€, 1
stay, 2
me.â€, 7
â€œyouâ€™re, 5
kidding.â€, 1
become, 6
embodiment, 1
exasperation, 1
seeing, 3
budge, 1
reformulate, 1
plans, 1
okay, 2
î»šiends, 3
gonna, 2
stop, 6
keep, 3
find, 2
later.â€, 1
tracks, 1
hired, 1
mutant, 1
ashamed, 1
of.â€, 1
anyone, 2
theyâ€™ve, 1
house.â€, 1
incredulous, 2
shopping.â€, 1
â€œtoo, 1
bad.â€, 1
explosion, 1
care, 3
all!â€, 1
eçœoyed, 1
shopping, 2
forever, 3
astonish, 2
phase, 2
aiming, 1
moving, 6
target, 1
expect, 1
pen, 2
generated, 1
misshapen, 1
heptapod-written, 1
smashed, 1
hammer, 1
inexpertly, 1
taped, 1
inelegant, 1
covering, 1
occasionally, 3
oscillating, 1
fan, 1
swung, 1
strange, 1
practicing, 1
squeezing, 1
shut, 3
insides, 1
eyelids, 2
knock, 2
jubilant, 1
â€œillinois, 1
physics.â€, 2
great, 1
happen?â€, 1
19, 1
happened, 1
hours, 2
videoconference, 2
started, 2
erasing, 1
blackboard, 3
that.â€, 2
â€œgood.â€, 1
picked, 3
nub, 1
chalk, 3
diagram, 5
hereâ€™s, 2
path, 18
ray, 8
light, 28
takes, 6
crossing, 1
travels, 2
straight, 1
hits, 1
index, 2
reî»šaction, 5
changes, 1
â€œsure.â€, 1
property, 1
fastest, 5
route, 4
points.â€, 1
â€œcome, 1
again?â€, 1
â€œimagine, 1
grins, 1
traveled, 1
path.â€, 3
dotted, 2
hypothetical, 2
shorter, 1
greater, 1
percentage, 2
underwater, 2
travel, 4
imagine, 4
reduces, 1
total, 2
length, 1
larger, 3
actual, 2
white-tipped, 1
fingers, 2
â€œany, 1
traverse, 1
fermatâ€™s, 16
principle, 20
timeâ€, 1
â€œhumm, 1
to?â€, 1
â€œexactly, 2
moorehead, 1
animated, 2
presentation, 3
illinois, 1
heâ€™s, 1
symbolic, 1
description.â€, 1
grinned, 1
neat, 2
havenâ€™t, 3
before?â€, 1
binder, 1
waved, 1
primer, 2
topics, 1
goes, 3
planck, 2
masses, 1
spin-flip, 1
atomic, 1
hydrogen, 1
light.â€, 1
whatâ€™d, 1
embarrassment, 1
breakthrough, 3
calculus, 6
mathematically, 1
ordinary, 1
variations, 2
theorem, 1
breakthrough.â€, 1
20, 1
â€œcurious, 1
match, 1
ours?â€, 1
dying, 1
paced, 1
simpler, 1
weâ€™ve, 2
trouble, 1
topsyturvy, 1
ours.â€, 1
revise, 1
build, 1
areas, 1
physics?â€, 1
â€œprobably, 2
principles, 3
fermatâ€™s.â€, 1
louiseâ€™s, 1
space, 2
minimalist?â€, 1
â€˜leastâ€™, 1
misleading, 1
incomplete, 1
situations, 3
follows, 2
extreme, 3
minimizes, 1
maximizes, 1
minimum, 3
maximum, 3
properties, 2
described, 4
equation, 2
precise, 2
minimal, 1
â€˜variationalâ€™, 1
principle.â€, 1
variational, 4
principles?â€, 1
branches, 2
law, 3
restated, 1
attribute, 5
minimized, 2
maximized.â€, 1
arrayed, 1
optics, 1
mechanics, 1
electromagnetism, 1
mathematically.â€, 1
decode, 1
ones.â€, 1
hope, 1
wedge, 1
cracks, 1
formulation, 5
calls, 1
celebration.â€, 1
stopped, 4
â€œhey, 2
louise, 1
treat.â€, 1
mildly, 1
surprised, 2
asymmetry, 1
relationship, 3
running, 1
somewhere, 3
scrape, 1
knee, 1
pain, 3
feels, 3
growing, 3
errant, 1
extension, 1
sensory, 1
nerves, 2
fine, 2
motor, 1
convey, 1
commands, 1
unfair, 1
21, 1
birth, 1
voodoo, 1
doll, 1
contract, 1
signed, 1
part, 4
deal, 1
laughing, 3
neighborâ€™s, 2
puppy, 3
poking, 2
chain-link, 1
fence, 2
separating, 1
yards, 1
hiccuping, 1
run, 2
laughter, 1
gradually, 1
subside, 1
letting, 1
lick, 1
shriek, 1
wellspring, 1
blithe, 1
disregard, 1
self-preservation, 1
gives, 1
attack, 1
scientific, 1
concepts, 2
suddenly, 3
rendered, 1
topsy-turvy, 1
integral, 1
fundamental, 4
jargon, 1
deceptively, 1
â€œaction, 1
kinetic, 2
potential, 1
energy, 2
conversely, 2
velocity, 1
employed, 2
assured, 1
â€œhighly, 1
weird.â€, 1
ultimately, 4
prove, 2
equivalence, 1
approaches, 1
reverse, 3
describing, 2
universe, 2
following, 3
coming, 5
significance, 2
â€œaction;â€, 1
confidence, 1
ponder, 2
treating, 1
formulated, 2
worldview, 1
simplest, 1
explanation, 2
perception, 1
apparent, 2
blue, 1
dadâ€™s, 4
mud, 1
boys, 2
stare, 1
enchanted, 1
black, 1
suitors, 1
fiî»‹een, 2
interrogation, 1
regarding, 1
boy, 2
22, 1
dating, 1
sprawl, 1
sofa, 2
recounting, 1
latest, 2
breach, 1
â€˜i, 1
teenage, 1
like.â€™â€, 1
roll, 1
donâ€™t?â€, 1
hold, 4
â€œheâ€™s, 1
opposite, 1
likely, 3
â€œhe, 1
wishes, 1
kid, 1
breasts.â€, 1
development, 1
shock, 1
recover.â€, 1
take?â€, 1
videoconferences, 1
cisneros, 1
massachusetts, 1
raised, 1
repeat, 2
unless, 3
similarly, 3
unimportant, 1
focused, 1
complete, 1
anywhere, 1
nest, 1
branching, 1
recent, 1
completed, 4
agreed, 1
videotape, 2
vcr, 2
consulted, 1
transcript, 1
planet, 1
moons, 1
significantly, 1
constituents, 1
planetâ€™s, 2
atmosphere, 1
nitrogen, 1
argon, 1
oxygen, 1
twenty-eighths, 1
surface, 4
translated, 1
literally, 1
â€œinequality-of-size, 1
rockyorbiter, 1
rocky-orbiters, 1
related-as-primary, 1
to-secondary.â€, 1
rewound, 2
signature, 1
matched, 2
transcription, 1
web, 1
spun, 1
inky, 1
spiderâ€™s, 1
silk, 2
finally, 2
î»šoze, 1
stroke, 5
begun, 1
visible, 2
onscreen, 1
sinuous, 1
23, 1
comparing, 1
initial, 3
participated, 2
message, 2
â€˜oxygen, 1
determinant, 1
distinguished, 1
slid, 1
morpheme, 1
moonsâ€™, 1
lastly, 1
flared, 1
arched, 1
backbone, 1
â€˜ocean.â€™, 1
continuous, 1
wrote, 7
traversed, 1
making, 1
interconnected, 1
removed, 1
redesigning, 1
built, 2
irrespective, 1
degree, 1
integration, 1
particularly, 1
employing, 1
arabic, 1
alphabet, 1
careful, 1
expert, 1
calligraphers, 1
lay, 2
design, 3
speed, 1
comedienne, 1
â€˜suppose, 1
blame, 1
lives?â€™, 1
laughed, 1
â€˜what, 1
if?â€™â€, 1
chinese, 1
restaurant, 1
places, 1
patronizing, 1
appetizers, 1
potstickers, 1
redolent, 1
pork, 1
sesame, 1
oil, 1
dipped, 1
soy, 1
sauce, 1
vinegar, 1
practice?â€, 1
obliquely, 1
ceiling, 1
gaze, 2
kept, 3
shiî»‹ing, 1
more.â€, 1
hangdog, 1
confessed, 1
foreign, 2
phrases.â€, 1
suppose, 1
mathematics.â€, 1
even?â€, 1
24, 1
â€œweâ€™re, 1
even.â€, 1
sipped, 1
tea, 1
â€œthough, 1
finger, 2
twinkle, 1
about.â€, 1
snipped, 1
potsticker, 2
chopsticks, 1
cause, 3
reaching, 1
waterâ€™s, 2
change, 3
weird, 1
describes, 2
lightâ€™s, 1
behavior, 4
goal-oriented, 1
commandment, 1
beam, 1
â€˜thou, 1
shalt, 1
minimize, 1
maximize, 1
thy, 1
destination.â€™â€, 1
â€œgo, 1
on.â€, 1
fermat, 1
1600s, 1
volumes, 1
laws, 3
causal, 4
purposive, 1
teleological.â€, 1
â€œhmm, 3
minute.â€, 3
felt-tip, 1
napkin, 2
copy, 1
goal, 3
anthropomorphic-projectionally, 1
examine, 1
paths, 1
compute, 1
take.â€, 1
plucked, 1
serving, 1
dish, 2
continued, 1
destination, 5
different.â€, 1
â€˜fastest, 1
pathâ€™, 1
meaningless, 1
specified, 2
computing, 1
requires, 1
lies, 2
staring, 1
starts, 1
traveling, 2
corrections, 1
resulting, 1
computations, 1
beginning.â€, 1
end, 3
choose, 2
reminded, 1
bugging, 1
fourteen, 1
graffiti, 1
25, 1
notebook, 2
win?â€, 1
win-win, 1
situation?â€, 1
â€œthereâ€™s, 3
technical, 1
math, 1
stock, 1
market, 4
then.â€, 1
social, 1
studies, 1
search, 1
called.â€, 2
sorry, 2
dad?â€, 1
yourself.â€, 1
fume, 1
â€œjesus, 1
homework, 1
split, 1
amazing, 1
diverse, 1
divorce, 1
â€œiâ€™ve, 2
helped, 1
homework.â€, 1
million, 1
pass, 2
â€œiâ€™d, 1
huff, 1
opportunity, 1
novelty, 1
compelling, 1
improvement, 1
shapelier, 1
cohesive, 1
putting, 1
immediately, 1
compatible, 1
elegant, 2
rendition, 1
developing, 1
typically, 1
internal, 3
voiceâ€™, 1
trade, 6
thoughts, 4
phonologically, 1
coded, 3
voice, 5
normally, 1
requirement, 2
senior, 1
immersion, 2
program, 1
russian, 3
dreaming, 1
mode, 7
26, 1
non-phonological, 1
intrigued, 1
born, 1
deaf, 1
parents, 1
american, 1
oî»‹en, 2
asl, 1
oneâ€™s, 1
manually, 1
inner, 2
experiencing, 1
graphically, 1
trance-like, 1
moments, 1
expressed, 1
mindâ€™s, 1
sprouting, 1
î»šost, 1
windowpane, 1
fluent, 1
semagraphic, 1
fully-formed, 1
articulating, 1
ideas, 1
result, 5
racing, 1
forward, 3
mind, 5
balanced, 1
mandalas, 1
meditative, 1
contemplating, 1
premises, 1
conclusions, 1
interchangeable, 1
inherent, 1
propositions, 1
connected, 1
â€œtrain, 1
thoughtâ€, 1
reasoning, 1
equally, 2
powerful, 1
precedence, 1
representative, 1
named, 1
hossner, 6
briefing, 1
u.s, 1
agenda, 1
listening, 1
lecture, 3
exchange, 5
interrupting, 1
listened, 1
worried, 1
harm, 1
vision, 1
rolling, 1
â€œthey, 2
diplomat, 1
tinny, 1
conquest, 1
god, 2
prospectors, 1
anthropologists, 2
motives, 2
mineral, 1
rights, 1
solar, 1
deliver, 1
sermons, 1
populations, 1
â€œmy, 1
motive, 1
cannot, 2
conduct, 1
emphasize, 1
adversarial, 1
gain, 1
loss, 1
vice, 1
versa, 1
handle, 1
correctly, 1
winners.â€, 1
non-zero-sum, 3
game?â€, 1
mock, 1
incredulity, 1
gosh.â€, 1
27, 1
game.â€, 3
win, 2
remembered, 2
it!â€, 2
â€œthanks, 1
mom!â€, 1
guess, 2
rubbed, 1
sudden, 2
hug, 1
apples, 1
best.â€, 1
â€œlouise?â€, 1
distracted, 1
mr, 1
here?â€, 3
to.â€, 1
ignoring, 1
hasnâ€™t.â€, 1
evidence, 2
assertion, 1
blathering, 1
tasks, 1
indication, 1
value?â€, 1
â€œgee, 1
sir.â€, 1
sad, 1
â€œare, 1
questions?â€, 1
burghart, 8
fort, 3
â€œweâ€™ve, 1
observe, 1
tradable.â€, 1
periods, 1
tactical, 1
maneuver, 1
tomorrowâ€”â€, 1
â€œwake, 1
explained, 2
stated, 1
work, 1
intuitive, 2
conductive, 2
chronological, 1
28, 1
events, 8
causes, 2
effects, 2
chain, 1
future, 17
â€œactionâ€, 1
integrals, 1
period, 5
teleological, 3
viewing, 2
satisfied, 1
minimizing, 2
maximizing, 2
final, 3
knowledge, 5
initiated, 1
â€œwhy?â€, 1
â€œbecause, 2
bedtime, 1
bathed, 1
jammies, 1
sleepy, 1
bookshelf, 1
pulling, 2
diversionary, 1
tactic, 1
bed.â€, 2
why?â€, 1
so.â€, 1
somebody, 1
please, 1
shoot, 1
bed, 3
wailing, 1
piteously, 1
sole, 1
concern, 1
distress, 1
vows, 1
childhood, 2
reasonable, 2
parent, 1
treat, 1
intelligent, 1
naught, 1
fight, 1
thereâ€™ll, 2
stopping, 1
slide, 3
dreadful, 1
slope, 1
happen, 2
certainty, 1
specific, 2
time-symmetric, 1
theoretically.â€, 1
concretely, 1
liked, 2
borgesian, 1
fabulation, 1
book, 11
ages, 8
chronicle, 1
records, 1
event, 3
text, 1
photoreduced, 1
full-sized, 1
edition, 1
volume, 3
enormous, 2
magnifier, 1
flips, 1
tissue-thin, 1
leaves, 1
locates, 1
finds, 1
passage, 1
flipping, 1
skips, 1
column, 2
details, 1
sheâ€™ll, 4
29, 1
acting, 2
sheâ€™s, 2
dollars, 1
racehorse, 2
devil, 1
contrary, 3
resolves, 1
reî»šain, 1
betting, 1
ponies, 1
altogether, 1
rub, 1
premise, 1
greek, 1
myth, 2
circumstances, 1
conspire, 1
enact, 2
fate, 1
best, 1
prophecies, 1
notoriously, 1
vague, 1
quite, 1
forced, 2
contradiction, 2
definition, 1
facts, 1
reconciled, 1
impossibility, 1
existence, 2
generous, 1
exist, 1
accessible, 1
readers, 1
housed, 1
collection, 1
privileges, 1
existed, 1
direct, 1
experience, 5
volition, 1
intrinsic, 1
consciousness, 9
knowing, 3
evoked, 1
urgency, 1
obligation, 1
leaving, 2
calling, 1
quits, 1
grab, 3
eat?â€, 1
gathered, 1
place, 6
cook.â€, 1
cook?â€, 1
â€œgreat, 1
ingredients.â€, 1
troubleâ€”â€, 1
cars, 1
lost, 1
abruptly, 2
gourmet, 1
fancy, 1
tall, 1
jars, 1
stuffed, 1
imported, 1
foods, 1
specialty, 1
utensils, 2
storeâ€™s, 1
stainless-steel, 1
shelves, 1
30, 1
accompanied, 1
collected, 1
î»šesh, 2
basil, 1
tomatoes, 1
garlic, 2
linguini, 1
fish, 1
clams, 1
â€œsounds, 1
good.â€, 1
section, 1
kitchen, 2
wandered, 1
shelvesâ€”peppermills, 1
presses, 1
salad, 5
tongsâ€”and, 1
wooden, 1
bowl, 9
dishtowel, 1
counter, 1
miss, 1
upper, 1
forehead, 1
stitch, 1
sobbing, 1
stained, 1
caesar, 1
dressing, 1
emergency, 1
shelf, 1
motion, 1
urgent, 1
rushing, 1
falls, 1
instinct, 1
this.â€, 1
approvingly, 1
â€œsee, 1
market?â€, 1
was.â€, 1
purchases, 1
rabbit, 1
eat.â€, 1
â€œrabbitâ€, 2
â€œeat, 2
announcement, 1
served, 1
hint, 1
purina, 1
bunny, 1
chow, 1
mutually, 1
exclusive, 1
within, 3
household, 1
valid, 4
phenomenon, 1
hitting, 1
angle, 2
caused, 1
interpretations, 3
perfectly, 4
ambiguous, 1
parsed, 2
disqualifiable, 1
available, 1
ancestors, 1
acquired, 1
spark, 1
perceived, 4
perceptions, 1
differently, 1
world-views, 1
diver, 1
31, 1
gence, 1
sequential, 8
awareness, 4
simultaneous, 4
experienced, 2
purpose, 2
recurring, 1
dream, 3
death, 2
whoâ€™s, 1
rock, 2
climbingâ€”me, 1
it?â€”, 1
backpack, 1
ledge, 1
climbed, 1
alternating, 1
climb, 2
foot, 1
shoulder, 1
screaming, 1
wavy, 1
soles, 1
sneakers, 1
flake, 1
stone, 1
muscle, 1
shrink, 1
liî»‹s, 1
okay?â€, 1
sitting, 2
upright, 1
woken, 1
movements, 1
startled, 1
moment.â€, 1
sleepily, 1
kissed, 2
fine.â€, 1
chest, 2
sleep, 1
climbing, 3
steep, 1
flight, 1
stairs, 1
tightly, 1
insist, 2
scene, 1
nature, 1
protect, 1
create, 2
jungle, 1
gym, 1
playground, 1
trees, 1
belt, 1
neighborhood, 1
walls, 1
club, 1
cliff, 1
national, 1
parks, 1
finished, 1
surveyed, 1
included, 1
managed, 1
integrate, 1
nicely, 1
evolved, 1
32, 1
suited, 1
species, 2
bottleneck, 1
sequentially, 1
mark, 1
simultaneously, 1
constrain, 1
glottographic, 1
straitjacket, 1
demanding, 1
occur, 1
naturally, 1
pageâ€™s, 1
two-dimensionality, 1
doling, 1
morphemes, 1
offered, 1
introduced, 1
rationale, 1
aâ€™s, 1
convoluted, 1
provide, 2
flexibility, 1
confines, 1
poor, 1
substitute, 1
poked, 2
weberâ€™ll, 1
grimaced, 1
participate, 1
translator, 3
trained, 1
detested, 1
stepped, 2
closed, 1
cheer, 2
gets, 1
interested, 1
project, 1
month, 1
stumble, 1
2:00, 1
a.m, 1
feeding, 1
nursery, 1
â€œbaby, 1
smellâ€, 1
diaper, 2
rash, 1
cream, 1
talcum, 1
powder, 1
faint, 1
ammoniac, 1
whiff, 1
pail, 1
corner, 1
lean, 1
crib, 1
squalling, 1
rocking, 1
nurse, 1
â€œinfantâ€, 1
derived, 1
latin, 1
â€œunable, 1
capable, 1
suffer, 1
tirelessly, 1
hesitation, 1
admire, 1
utter, 1
commitment, 1
cry, 1
outrage, 1
incarnate, 1
fiber, 1
expressing, 1
emotion, 1
funny, 1
tranquil, 1
radiate, 1
portrait, 2
33, 1
halo, 1
unhappy, 1
klaxon, 1
radiating, 1
fire, 1
alarm, 1
bell, 1
stage, 1
breast, 1
memory, 3
contentment, 1
expectation, 1
relief, 1
nursing, 1
perceive, 1
present, 3
tense, 1
enviable, 1
bound, 1
helpless, 1
automatons, 1
coincide, 2
historyâ€™s, 2
chronology, 1
freedom, 1
î»šeedom, 2
coercion, 1
famous, 1
optical, 1
viewer, 1
wart-nosed, 1
crone, 1
tucked, 1
â€œcorrectâ€, 1
incompatible, 1
exercise, 1
choice, 1
impossible, 1
whoâ€™ve, 1
slotted, 1
cassette, 1
diplomatic, 1
negotiator, 2
discussion, 1
humansâ€™, 1
moral, 1
beliefs, 1
groundwork, 1
concept, 1
altruism, 1
conversationâ€™s, 1
eventual, 1
outcome, 1
enthusiastically, 1
arrest, 1
christen, 1
vessel, 1
promiseâ€, 1
performative, 3
uttering, 1
acts, 1
34, 1
wedding, 1
anticipated, 1
pronounce, 1
husband, 1
wife, 1
minister, 1
ceremony, 1
count, 1
equaled, 1
inform, 1
actualize, 1
â€œfirst, 1
goldilocks, 2
papa, 1
bearâ€™s, 2
porridge, 2
brussels, 1
sprouts, 1
hated.â€, 2
wrong!â€, 1
skinny, 1
overpriced, 1
hardcover, 1
spread, 1
laps, 1
â€œthen, 1
mama, 1
spinach, 1
way!â€, 1
innocence, 1
goes.â€, 1
â€œcause, 1
compensated, 1
return, 2
tells, 1
beforehand.â€, 1
brow, 1
furrowed, 1
giî»‹s?â€, 1
shouldnâ€™t, 1
â€˜giî»‹-giving.â€™, 1
transaction, 2
associations, 1
giî»‹-giving, 2
us.â€, 1
weâ€”â€, 1
searched, 1
wording, 1
â€œâ€”drop, 1
hints, 1
giî»‹, 3
want?â€, 1
giving.â€, 1
â€œperformativeâ€, 1
â€œperformance, 1
sensation, 1
conversing, 1
35, 1
oblivious, 1
responses, 1
exactly, 1
custom, 1
in.â€, 1
value, 4
influence, 1
theirs?â€, 1
improvising, 1
rehearsed, 1
â€œas, 1
exchanged, 2
items, 1
irrelevant.â€, 1
relatives, 1
wryly, 1
â€œhave, 1
discussions?â€, 1
cue, 2
mankind, 1
varied, 1
volunteer, 1
know.â€, 1
spontaneous, 1
communicative, 1
ritual, 1
recitation, 1
viewed, 1
scowled, 1
arrange, 1
ceremony.â€, 1
transmission, 1
realization, 1
plan, 1
ambiguity, 1
invisible, 1
proficient, 1
reality, 1
cast, 1
mold, 1
amount, 1
reshape, 1
world-view, 2
amalgam, 1
memories, 2
cigarette, 1
ash, 2
infinitesimal, 1
sliver, 2
combustion, 2
marking, 1
fell, 2
gigantic, 1
blocks, 1
measuring, 1
duration, 1
land, 1
contiguously, 1
composed, 2
decades, 1
interviews, 1
ending, 1
usually, 1
affects, 1
crawls, 1
glowing, 1
crawling, 1
36, 1
glimpses, 1
truly, 1
reigns, 1
becomes, 1
century-long, 1
ember, 1
burning, 1
perceiveâ€”during, 1
glimpsesâ€”that, 1
epoch, 1
simultaneity, 1
encompassing, 1
entirety, 1
â€œprocess, 1
create-endpoint, 1
inclusive-we, 1
â€œletâ€™s, 1
start.â€, 1
affirmative, 1
shows, 1
provided, 1
presenting, 1
series, 1
images, 2
â€œgiî»‹, 2
exchangeâ€, 2
eighth, 1
overall, 1
crowded, 2
nuclear, 2
assorted, 1
biologists, 1
brass, 1
diplomats, 1
thankfully, 1
conditioner, 1
review, 1
â€œgiî»‹â€, 2
lascaux, 1
cave, 1
paintings, 1
glean, 1
imagesâ€™, 1
content, 1
â€œpreliminary, 1
assessments?â€, 1
informations, 1
infuriated, 1
insult, 1
role, 1
exchanges, 3
exclude, 1
possibility, 1
cold, 1
fusion, 1
wish-fulfilling, 1
miracle, 1
inorganic, 1
chemistry, 1
replaced, 1
materials, 2
animal, 1
whispered, 1
quietly, 1
pouted, 1
truthfully, 1
wished, 1
xenobiology, 1
encountered, 1
history, 1
filled, 1
non-sequiturs, 1
nonetheless, 1
governments, 1
37, 1
anomalous, 1
stood, 1
barely, 1
usual, 1
indications, 1
minute, 2
blank, 1
clustered, 1
tiny, 2
replaying, 1
solid-state, 1
â€œschedule, 1
location, 1
exchange.â€, 1
â€œwould, 1
honors, 1
shall, 1
gained, 1
proficiency, 1
drive.â€, 1
transmitting, 1
â€œbet, 1
figured, 1
wind, 1
grad, 1
student.â€, 1
goddamn, 1
â€œeven, 1
hardly, 1
bland, 1
spies, 1
public, 1
cover, 1
â€œlocus, 1
exchange-transaction, 1
converse, 1
inclusive-weâ€, 1
projective, 1
aspect, 1
reply, 2
î»šown, 1
delivery, 2
perfect, 1
raspberryâ€™s, 2
glide, 1
curtain, 1
fall, 1
performance, 1
go?â€, 1
means.â€, 1
â€œum, 1
pager, 1
disappeared, 1
register, 1
hell, 1
touched, 1
pale, 1
ovals, 1
fingertips, 1
contact, 1
demonstration, 1
transmutation, 1
distance.â€, 1
38, 1
heavy, 1
footfalls, 1
dry, 1
short, 1
sprinting, 1
oversize, 1
walkie-talkie, 2
î»šomâ€”â€, 1
grabbed, 1
gone, 1
quick, 1
visit, 1
hospital, 1
cafeteria, 1
lying, 1
bassinet, 1
leaning, 1
wrung-out, 1
towel, 1
incongruously, 1
pregnancy, 1
swear, 1
robust, 1
thin, 1
chubby, 1
red, 1
pinched, 1
puî», 1
squeezed, 1
gnome-like, 1
precedes, 1
cherubic, 1
belly, 1
marveling, 1
soî»‹ness, 1
wondering, 1
abrade, 1
burlap, 1
writhe, 1
twisting, 1
elated, 1
unique, 1
motherchild, 1
bond, 1
certitude, 1
sea, 1
babies, 1
analysis, 1
revealed, 1
fused, 1
silica, 1
inert, 1
class, 1
superconducting, 1
proved, 1
duplicate, 1
research, 1
japan, 1
explicable, 1
immerse, 1
necessity, 1
merely, 1
wading, 1
surf, 1
39, 1
moonlight, 1
beginning, 1
chose, 1
accordingly, 1
joy, 1
achieve, 1
asks, 1
unwrap, 1
